29.927321227883734,1.9972516485290748,0.2863566959611112,1.0,0.0,0.0,0.0,1.0,0.0,0.0,0.0,1.0,0.015
29.895,2.5103,0.36,1.0,0.0,0.0,0.0,1.0,0.0,0.0,0.0,1.0,0.015
29.817015183176952,3.248615345331542,0.4663429320314296,1.0,0.0,0.0,0.0,1.0,0.0,0.0,0.0,1.0,0.015
29.763,3.76,0.54,1.0,0.0,0.0,0.0,1.0,0.0,0.0,0.0,1.0,0.015
29.654871686031306,4.494504410352371,0.6463557186577321,1.0,0.0,0.0,0.0,1.0,0.0,0.0,0.0,1.0,0.015
29.58,5.0031,0.72,1.0,0.0,0.0,0.0,1.0,0.0,0.0,0.0,1.0,0.015
29.440573396168446,5.732312953852915,0.8263423249562706,1.0,0.0,0.0,0.0,1.0,0.0,0.0,0.0,1.0,0.015
29.344,6.2374,0.9,1.0,0.0,0.0,0.0,1.0,0.0,0.0,0.0,1.0,0.015
29.174424098073622,6.960195124831146,1.0063542242046974,1.0,0.0,0.0,0.0,1.0,0.0,0.0,0.0,1.0,0.015
29.057,7.4607,1.08,1.0,0.0,0.0,0.0,1.0,0.0,0.0,0.0,1.0,0.015
28.85785426228913,8.175910938728379,1.1863686432877039,1.0,0.0,0.0,0.0,1.0,0.0,0.0,0.0,1.0,0.015
28.72,8.671,1.26,1.0,0.0,0.0,0.0,1.0,0.0,0.0,0.0,1.0,0.015
28.49019336465062,9.376961257692823,1.3663372605729776,1.0,0.0,0.0,0.0,1.0,0.0,0.0,0.0,1.0,0.015
28.331,9.866,1.44,1.0,0.0,0.0,0.0,1.0,0.0,0.0,0.0,1.0,0.015
28.07226060741792,10.5618790056203,1.5463312572255128,1.0,0.0,0.0,0.0,1.0,0.0,0.0,0.0,1.0,0.015
27.893,11.044,1.62,1.0,0.0,0.0,0.0,1.0,0.0,0.0,0.0,1.0,0.015
27.605190310726844,11.728360616382574,1.7263772978833019,1.0,0.0,0.0,0.0,1.0,0.0,0.0,0.0,1.0,0.015
27.406,12.202,1.8,1.0,0.0,0.0,0.0,1.0,0.0,0.0,0.0,1.0,0.015
27.089907512412623,12.873770389508122,1.9063488743284627,1.0,0.0,0.0,0.0,1.0,0.0,0.0,0.0,1.0,0.015
26.871,13.339,1.98,1.0,0.0,0.0,0.0,1.0,0.0,0.0,0.0,1.0,0.015
26.52721607542669,13.997033147722798,2.0863249251257665,1.0,0.0,0.0,0.0,1.0,0.0,0.0,0.0,1.0,0.015
26.289,14.453,2.16,1.0,0.0,0.0,0.0,1.0,0.0,0.0,0.0,1.0,0.015
25.91786085127218,15.095992665311895,2.266377463011159,1.0,0.0,0.0,0.0,1.0,0.0,0.0,0.0,1.0,0.015
25.661,15.541,2.34,1.0,0.0,0.0,0.0,1.0,0.0,0.0,0.0,1.0,0.015
25.263330926013133,16.167934453937693,2.4463602278122383,1.0,0.0,0.0,0.0,1.0,0.0,0.0,0.0,1.0,0.015
24.988,16.602,2.52,1.0,0.0,0.0,0.0,1.0,0.0,0.0,0.0,1.0,0.015
24.564392625148326,17.211711033259316,2.626344947661509,1.0,0.0,0.0,0.0,1.0,0.0,0.0,0.0,1.0,0.015
24.271,17.634,2.7,1.0,0.0,0.0,0.0,1.0,0.0,0.0,0.0,1.0,0.015
23.821777068443712,18.225082804679325,2.8063949048422785,1.0,0.0,0.0,0.0,1.0,0.0,0.0,0.0,1.0,0.015
23.511,18.634,2.88,1.0,0.0,0.0,0.0,1.0,0.0,0.0,0.0,1.0,0.015
23.03797759535844,19.206233096251776,2.986297169582373,1.0,0.0,0.0,0.0,1.0,0.0,0.0,0.0,1.0,0.015
22.71,19.603,3.06,1.0,0.0,0.0,0.0,1.0,0.0,0.0,0.0,1.0,0.015
22.212925603630165,20.15445114365405,3.1663892881647686,1.0,0.0,0.0,0.0,1.0,0.0,0.0,0.0,1.0,0.015
21.869,20.536,3.24,1.0,0.0,0.0,0.0,1.0,0.0,0.0,0.0,1.0,0.015
21.34967121524241,21.066554321629486,3.3463471914179364,1.0,0.0,0.0,0.0,1.0,0.0,0.0,0.0,1.0,0.015
20.99,21.434,3.42,1.0,0.0,0.0,0.0,1.0,0.0,0.0,0.0,1.0,0.015
20.44874562635687,21.94216458660818,3.5263600297552,1.0,0.0,0.0,0.0,1.0,0.0,0.0,0.0,1.0,0.015
20.074,22.294,3.6,1.0,0.0,0.0,0.0,1.0,0.0,0.0,0.0,1.0,0.015
19.512027184197432,22.77915213646047,3.706367094473672,1.0,0.0,0.0,0.0,1.0,0.0,0.0,0.0,1.0,0.015
19.123,23.115,3.78,1.0,0.0,0.0,0.0,1.0,0.0,0.0,0.0,1.0,0.015
18.54125045624399,23.57626537428776,3.8863095612955147,1.0,0.0,0.0,0.0,1.0,0.0,0.0,0.0,1.0,0.015
18.138,23.896,3.96,1.0,0.0,0.0,0.0,1.0,0.0,0.0,0.0,1.0,0.015
17.53711748660597,24.332038638038146,4.066350887326377,1.0,0.0,0.0,0.0,1.0,0.0,0.0,0.0,1.0,0.015
17.121,24.634,4.14,1.0,0.0,0.0,0.0,1.0,0.0,0.0,0.0,1.0,0.015
16.502906262087933,25.045274609547608,4.246364123158864,1.0,0.0,0.0,0.0,1.0,0.0,0.0,0.0,1.0,0.015
16.075,25.33,4.32,1.0,0.0,0.0,0.0,1.0,0.0,0.0,0.0,1.0,0.015
15.439946009807167,25.714576881502822,4.426334621613684,1.0,0.0,0.0,0.0,1.0,0.0,0.0,0.0,1.0,0.015
15.0,25.981,4.5,1.0,0.0,0.0,0.0,1.0,0.0,0.0,0.0,1.0,0.015
14.349344313686176,26.33853559511341,4.606374226645312,1.0,0.0,0.0,0.0,1.0,0.0,0.0,0.0,1.0,0.015
13.899,26.586,4.68,1.0,0.0,0.0,0.0,1.0,0.0,0.0,0.0,1.0,0.015
13.234009890354788,26.916132745374487,4.786303925165309,1.0,0.0,0.0,0.0,1.0,0.0,0.0,0.0,1.0,0.015
12.773,27.145,4.86,1.0,0.0,0.0,0.0,1.0,0.0,0.0,0.0,1.0,0.015
12.094737036796783,27.44690973362094,4.966347851373326,1.0,0.0,0.0,0.0,1.0,0.0,0.0,0.0,1.0,0.015
11.625,27.656,5.04,1.0,0.0,0.0,0.0,1.0,0.0,0.0,0.0,1.0,0.015
10.934629863225734,27.929074489032285,5.146392658064527,1.0,0.0,0.0,0.0,1.0,0.0,0.0,0.0,1.0,0.015
10.457,28.118,5.22,1.0,0.0,0.0,0.0,1.0,0.0,0.0,0.0,1.0,0.015
9.756023744416774,28.362588427991113,5.3263427947787445,1.0,0.0,0.0,0.0,1.0,0.0,0.0,0.0,1.0,0.015
9.2705,28.532,5.4,1.0,0.0,0.0,0.0,1.0,0.0,0.0,0.0,1.0,0.015
8.559737514632339,28.746487307497265,5.506357342560628,1.0,0.0,0.0,0.0,1.0,0.0,0.0,0.0,1.0,0.015
8.0676,28.895,5.58,1.0,0.0,0.0,0.0,1.0,0.0,0.0,0.0,1.0,0.015
7.348433487579877,29.079356217135057,5.686359356039456,1.0,0.0,0.0,0.0,1.0,0.0,0.0,0.0,1.0,0.015
6.8505,29.207,5.76,1.0,0.0,0.0,0.0,1.0,0.0,0.0,0.0,1.0,0.015
6.124390317413287,29.361780519760572,5.866337761667569,1.0,0.0,0.0,0.0,1.0,0.0,0.0,0.0,1.0,0.015
5.6214,29.469,5.94,1.0,0.0,0.0,0.0,1.0,0.0,0.0,0.0,1.0,0.015
4.889324423333241,29.59249971387792,6.046363389942705,1.0,0.0,0.0,0.0,1.0,0.0,0.0,0.0,1.0,0.015
4.3825,29.678,6.12,1.0,0.0,0.0,0.0,1.0,0.0,0.0,0.0,1.0,0.015
3.6459707483162176,29.771351212711405,6.2263494828357775,1.0,0.0,0.0,0.0,1.0,0.0,0.0,0.0,1.0,0.015
3.1359,29.836,6.3,1.0,0.0,0.0,0.0,1.0,0.0,0.0,0.0,1.0,0.015
2.3960745583310956,29.89803615347008,6.406347691662996,1.0,0.0,0.0,0.0,1.0,0.0,0.0,0.0,1.0,0.015
1.8837,29.941,6.48,1.0,0.0,0.0,0.0,1.0,0.0,0.0,0.0,1.0,0.015
1.1419152584666254,29.971724776817293,6.586354996675249,1.0,0.0,0.0,0.0,1.0,0.0,0.0,0.0,1.0,0.015
0.6282699999999999,29.993,6.66,1.0,0.0,0.0,0.0,1.0,0.0,0.0,0.0,1.0,0.015
-0.11415117856416179,29.993,6.766352214924753,1.0,0.0,0.0,0.0,1.0,0.0,0.0,0.0,1.0,0.015
-0.62827,29.993,6.84,1.0,0.0,0.0,0.0,1.0,0.0,0.0,0.0,1.0,0.015
-1.3700547415333744,29.962275223182704,6.9463549966752485,1.0,0.0,0.0,0.0,1.0,0.0,0.0,0.0,1.0,0.015
-1.8837000000000002,29.941,7.02,1.0,0.0,0.0,0.0,1.0,0.0,0.0,0.0,1.0,0.015
-2.623525441668904,29.878963846529917,7.126347691662995,1.0,0.0,0.0,0.0,1.0,0.0,0.0,0.0,1.0,0.015
-3.1359,29.836,7.2,1.0,0.0,0.0,0.0,1.0,0.0,0.0,0.0,1.0,0.015
-3.8724292516837826,29.742648787288594,7.306349482835778,1.0,0.0,0.0,0.0,1.0,0.0,0.0,0.0,1.0,0.015
-4.3825,29.678,7.38,1.0,0.0,0.0,0.0,1.0,0.0,0.0,0.0,1.0,0.015
-5.11457557666676,29.55450028612208,7.486363389942705,1.0,0.0,0.0,0.0,1.0,0.0,0.0,0.0,1.0,0.015
-5.6214,29.469,7.56,1.0,0.0,0.0,0.0,1.0,0.0,0.0,0.0,1.0,0.015
-6.347509682586714,29.31421948023943,7.6663377616675685,1.0,0.0,0.0,0.0,1.0,0.0,0.0,0.0,1.0,0.015
-6.8505,29.207,7.74,1.0,0.0,0.0,0.0,1.0,0.0,0.0,0.0,1.0,0.015
-7.569666512420124,29.022643782864943,7.846359356039456,1.0,0.0,0.0,0.0,1.0,0.0,0.0,0.0,1.0,0.015
-8.0676,28.895,7.92,1.0,0.0,0.0,0.0,1.0,0.0,0.0,0.0,1.0,0.015
-8.778362485367662,28.680512692502734,8.026357342560628,1.0,0.0,0.0,0.0,1.0,0.0,0.0,0.0,1.0,0.015
-9.2705,28.532,8.1,1.0,0.0,0.0,0.0,1.0,0.0,0.0,0.0,1.0,0.015
-9.971476255583227,28.287411572008885,8.206342794778744,1.0,0.0,0.0,0.0,1.0,0.0,0.0,0.0,1.0,0.015
-10.457,28.118,8.28,1.0,0.0,0.0,0.0,1.0,0.0,0.0,0.0,1.0,0.015
-11.147370136774267,27.844925510967713,8.386392658064528,1.0,0.0,0.0,0.0,1.0,0.0,0.0,0.0,1.0,0.015
-11.625,27.656,8.46,1.0,0.0,0.0,0.0,1.0,0.0,0.0,0.0,1.0,0.015
-12.303262963203217,27.354090266379057,8.566347851373328,1.0,0.0,0.0,0.0,1.0,0.0,0.0,0.0,1.0,0.015
-12.773,27.145,8.64,1.0,0.0,0.0,0.0,1.0,0.0,0.0,0.0,1.0,0.015
-13.437990109645211,26.81486725462551,8.746303925165309,1.0,0.0,0.0,0.0,1.0,0.0,0.0,0.0,1.0,0.015
-13.899,26.586,8.82,1.0,0.0,0.0,0.0,1.0,0.0,0.0,0.0,1.0,0.015
-14.549655686313823,26.22846440488659,8.926374226645311,1.0,0.0,0.0,0.0,1.0,0.0,0.0,0.0,1.0,0.015
-15.0,25.981,9.0,1.0,0.0,0.0,0.0,1.0,0.0,0.0,0.0,1.0,0.015
-15.635053990192832,25.596423118497178,9.106334621613684,1.0,0.0,0.0,0.0,1.0,0.0,0.0,0.0,1.0,0.015
-16.075,25.33,9.18,1.0,0.0,0.0,0.0,1.0,0.0,0.0,0.0,1.0,0.015
-16.693093737912065,24.91872539045239,9.286364123158863,1.0,0.0,0.0,0.0,1.0,0.0,0.0,0.0,1.0,0.015
-17.121,24.634,9.36,1.0,0.0,0.0,0.0,1.0,0.0,0.0,0.0,1.0,0.015
-17.721882513394032,24.197961361961855,9.466350887326376,1.0,0.0,0.0,0.0,1.0,0.0,0.0,0.0,1.0,0.015
-18.138,23.896,9.54,1.0,0.0,0.0,0.0,1.0,0.0,0.0,0.0,1.0,0.015
-18.719749543756013,23.434734625712238,9.646309561295515,1.0,0.0,0.0,0.0,1.0,0.0,0.0,0.0,1.0,0.015
-19.123,23.115,9.72,1.0,0.0,0.0,0.0,1.0,0.0,0.0,0.0,1.0,0.015
-19.68497281580257,22.629847863539528,9.826367094473673,1.0,0.0,0.0,0.0,1.0,0.0,0.0,0.0,1.0,0.015
-20.074,22.294,9.9,1.0,0.0,0.0,0.0,1.0,0.0,0.0,0.0,1.0,0.015
-20.61525437364313,21.785835413391823,10.0063600297552,1.0,0.0,0.0,0.0,1.0,0.0,0.0,0.0,1.0,0.015
-20.99,21.434,10.08,1.0,0.0,0.0,0.0,1.0,0.0,0.0,0.0,1.0,0.015
-21.50932878475759,20.903445678370517,10.186347191417937,1.0,0.0,0.0,0.0,1.0,0.0,0.0,0.0,1.0,0.015
-21.869,20.536,10.26,1.0,0.0,0.0,0.0,1.0,0.0,0.0,0.0,1.0,0.015
-22.366074396369836,19.984548856345953,10.366389288164768,1.0,0.0,0.0,0.0,1.0,0.0,0.0,0.0,1.0,0.015
-22.71,19.603,10.44,1.0,0.0,0.0,0.0,1.0,0.0,0.0,0.0,1.0,0.015
-23.18302240464156,19.030766903748226,10.546297169582372,1.0,0.0,0.0,0.0,1.0,0.0,0.0,0.0,1.0,0.015
-23.511,18.634,10.62,1.0,0.0,0.0,0.0,1.0,0.0,0.0,0.0,1.0,0.015
-23.960222931556288,18.042917195320676,10.726394904842278,1.0,0.0,0.0,0.0,1.0,0.0,0.0,0.0,1.0,0.015
-24.271,17.634,10.8,1.0,0.0,0.0,0.0,1.0,0.0,0.0,0.0,1.0,0.015
-24.694607374851675,17.024288966740684,10.906344947661509,1.0,0.0,0.0,0.0,1.0,0.0,0.0,0.0,1.0,0.015
-24.988,16.602,10.98,1.0,0.0,0.0,0.0,1.0,0.0,0.0,0.0,1.0,0.015
-25.38566907398687,15.975065546062307,11.08636022781224,1.0,0.0,0.0,0.0,1.0,0.0,0.0,0.0,1.0,0.015
-25.661,15.541,11.16,1.0,0.0,0.0,0.0,1.0,0.0,0.0,0.0,1.0,0.015
-26.032139148727822,14.898007334688105,11.266377463011159,1.0,0.0,0.0,0.0,1.0,0.0,0.0,0.0,1.0,0.015
-26.289,14.453,11.34,1.0,0.0,0.0,0.0,1.0,0.0,0.0,0.0,1.0,0.015
-26.63278392457331,13.794966852277202,11.446324925125767,1.0,0.0,0.0,0.0,1.0,0.0,0.0,0.0,1.0,0.015
-26.871,13.339,11.52,1.0,0.0,0.0,0.0,1.0,0.0,0.0,0.0,1.0,0.015
-27.187092487587375,12.667229610491878,11.626348874328462,1.0,0.0,0.0,0.0,1.0,0.0,0.0,0.0,1.0,0.015
-27.406,12.202,11.7,1.0,0.0,0.0,0.0,1.0,0.0,0.0,0.0,1.0,0.015
-27.693809689273156,11.517639383617427,11.806377297883301,1.0,0.0,0.0,0.0,1.0,0.0,0.0,0.0,1.0,0.015
-27.893,11.044,11.88,1.0,0.0,0.0,0.0,1.0,0.0,0.0,0.0,1.0,0.015
-28.15173939258208,10.3481209943797,11.986331257225514,1.0,0.0,0.0,0.0,1.0,0.0,0.0,0.0,1.0,0.015
-28.331,9.866,12.06,1.0,0.0,0.0,0.0,1.0,0.0,0.0,0.0,1.0,0.015
-28.56080663534938,9.160038742307176,12.166337260572977,1.0,0.0,0.0,0.0,1.0,0.0,0.0,0.0,1.0,0.015
-28.72,8.671,12.24,1.0,0.0,0.0,0.0,1.0,0.0,0.0,0.0,1.0,0.015
-28.919145737710867,7.955789061271622,12.346368643287704,1.0,0.0,0.0,0.0,1.0,0.0,0.0,0.0,1.0,0.015
-29.057,7.4607,12.42,1.0,0.0,0.0,0.0,1.0,0.0,0.0,0.0,1.0,0.015
-29.226575901926378,6.737904875168854,12.526354224204697,1.0,0.0,0.0,0.0,1.0,0.0,0.0,0.0,1.0,0.015
-29.344,6.2374,12.6,1.0,0.0,0.0,0.0,1.0,0.0,0.0,0.0,1.0,0.015
-29.483426603831553,5.508187046147085,12.70634232495627,1.0,0.0,0.0,0.0,1.0,0.0,0.0,0.0,1.0,0.015
-29.58,5.0031,12.78,1.0,0.0,0.0,0.0,1.0,0.0,0.0,0.0,1.0,0.015
-29.688128313968694,4.268595589647629,12.886355718657732,1.0,0.0,0.0,0.0,1.0,0.0,0.0,0.0,1.0,0.015
-29.763,3.76,12.96,1.0,0.0,0.0,0.0,1.0,0.0,0.0,0.0,1.0,0.015
-29.84098481682305,3.0216846546684577,13.06634293203143,1.0,0.0,0.0,0.0,1.0,0.0,0.0,0.0,1.0,0.015
-29.895,2.5103,13.14,1.0,0.0,0.0,0.0,1.0,0.0,0.0,0.0,1.0,0.015
-29.941678772116266,1.7693483514709252,13.246356695961111,1.0,0.0,0.0,0.0,1.0,0.0,0.0,0.0,1.0,0.015
-29.974,1.2563,13.32,1.0,0.0,0.0,0.0,1.0,0.0,0.0,0.0,1.0,0.015
-29.989361639011808,0.5140374195948716,13.426349808543275,1.0,0.0,0.0,0.0,1.0,0.0,0.0,0.0,1.0,0.015
-30.0,-6.283862319378386E-14,13.5,1.0,0.0,0.0,0.0,1.0,0.0,0.0,0.0,1.0,0.015
-29.984638360988193,-0.7422625804051899,13.606349808543285,1.0,0.0,0.0,0.0,1.0,0.0,0.0,0.0,1.0,0.015
-29.974,-1.2563,13.68,1.0,0.0,0.0,0.0,1.0,0.0,0.0,0.0,1.0,0.015
-29.927321227883734,-1.9972516485290748,13.78635669596111,1.0,0.0,0.0,0.0,1.0,0.0,0.0,0.0,1.0,0.015
-29.895,-2.5103,13.86,1.0,0.0,0.0,0.0,1.0,0.0,0.0,0.0,1.0,0.015
-29.817015183176952,-3.248615345331542,13.966342932031429,1.0,0.0,0.0,0.0,1.0,0.0,0.0,0.0,1.0,0.015
-29.763,-3.76,14.04,1.0,0.0,0.0,0.0,1.0,0.0,0.0,0.0,1.0,0.015
-29.654871686031306,-4.494504410352371,14.146355718657732,1.0,0.0,0.0,0.0,1.0,0.0,0.0,0.0,1.0,0.015
-29.58,-5.0031,14.22,1.0,0.0,0.0,0.0,1.0,0.0,0.0,0.0,1.0,0.015
-29.440573396168446,-5.732312953852915,14.32634232495627,1.0,0.0,0.0,0.0,1.0,0.0,0.0,0.0,1.0,0.015
-29.344,-6.2374,14.4,1.0,0.0,0.0,0.0,1.0,0.0,0.0,0.0,1.0,0.015
-29.174424098073622,-6.960195124831146,14.506354224204697,1.0,0.0,0.0,0.0,1.0,0.0,0.0,0.0,1.0,0.015
-29.057,-7.4607,14.58,1.0,0.0,0.0,0.0,1.0,0.0,0.0,0.0,1.0,0.015
-28.85785426228913,-8.175910938728379,14.686368643287704,1.0,0.0,0.0,0.0,1.0,0.0,0.0,0.0,1.0,0.015
-28.72,-8.671,14.76,1.0,0.0,0.0,0.0,1.0,0.0,0.0,0.0,1.0,0.015
-28.49019336465062,-9.376961257692823,14.866337260572976,1.0,0.0,0.0,0.0,1.0,0.0,0.0,0.0,1.0,0.015
-28.331,-9.866,14.94,1.0,0.0,0.0,0.0,1.0,0.0,0.0,0.0,1.0,0.015
-28.07226060741792,-10.5618790056203,15.046331257225512,1.0,0.0,0.0,0.0,1.0,0.0,0.0,0.0,1.0,0.015
-27.893,-11.044,15.12,1.0,0.0,0.0,0.0,1.0,0.0,0.0,0.0,1.0,0.015
-27.605190310726844,-11.728360616382574,15.226377297883301,1.0,0.0,0.0,0.0,1.0,0.0,0.0,0.0,1.0,0.015
-27.406,-12.202,15.3,1.0,0.0,0.0,0.0,1.0,0.0,0.0,0.0,1.0,0.015
-27.089907512412623,-12.873770389508122,15.406348874328463,1.0,0.0,0.0,0.0,1.0,0.0,0.0,0.0,1.0,0.015
-26.871,-13.339,15.48,1.0,0.0,0.0,0.0,1.0,0.0,0.0,0.0,1.0,0.015
-26.52721607542669,-13.997033147722798,15.586324925125767,1.0,0.0,0.0,0.0,1.0,0.0,0.0,0.0,1.0,0.015
-26.289,-14.453,15.66,1.0,0.0,0.0,0.0,1.0,0.0,0.0,0.0,1.0,0.015
-25.91786085127218,-15.095992665311895,15.766377463011159,1.0,0.0,0.0,0.0,1.0,0.0,0.0,0.0,1.0,0.015
-25.661,-15.541,15.84,1.0,0.0,0.0,0.0,1.0,0.0,0.0,0.0,1.0,0.015
-25.263330926013133,-16.167934453937693,15.946360227812239,1.0,0.0,0.0,0.0,1.0,0.0,0.0,0.0,1.0,0.015
-24.988,-16.602,16.02,1.0,0.0,0.0,0.0,1.0,0.0,0.0,0.0,1.0,0.015
-24.564392625148326,-17.211711033259316,16.126344947661508,1.0,0.0,0.0,0.0,1.0,0.0,0.0,0.0,1.0,0.015
-24.271,-17.634,16.2,1.0,0.0,0.0,0.0,1.0,0.0,0.0,0.0,1.0,0.015
-23.821777068443712,-18.225082804679325,16.30639490484228,1.0,0.0,0.0,0.0,1.0,0.0,0.0,0.0,1.0,0.015
-23.511,-18.634,16.38,1.0,0.0,0.0,0.0,1.0,0.0,0.0,0.0,1.0,0.015
-23.03797759535844,-19.206233096251776,16.48629716958237,1.0,0.0,0.0,0.0,1.0,0.0,0.0,0.0,1.0,0.015
-22.71,-19.603,16.56,1.0,0.0,0.0,0.0,1.0,0.0,0.0,0.0,1.0,0.015
-22.212925603630165,-20.15445114365405,16.666389288164766,1.0,0.0,0.0,0.0,1.0,0.0,0.0,0.0,1.0,0.015
-21.869,-20.536,16.74,1.0,0.0,0.0,0.0,1.0,0.0,0.0,0.0,1.0,0.015
-21.34967121524241,-21.066554321629486,16.846347191417937,1.0,0.0,0.0,0.0,1.0,0.0,0.0,0.0,1.0,0.015
-20.99,-21.434,16.92,1.0,0.0,0.0,0.0,1.0,0.0,0.0,0.0,1.0,0.015
-20.44874562635687,-21.94216458660818,17.026360029755203,1.0,0.0,0.0,0.0,1.0,0.0,0.0,0.0,1.0,0.015
-20.074,-22.294,17.1,1.0,0.0,0.0,0.0,1.0,0.0,0.0,0.0,1.0,0.015
-19.512027184197432,-22.77915213646047,17.206367094473674,1.0,0.0,0.0,0.0,1.0,0.0,0.0,0.0,1.0,0.015
-19.123,-23.115,17.28,1.0,0.0,0.0,0.0,1.0,0.0,0.0,0.0,1.0,0.015
-18.54125045624399,-23.57626537428776,17.386309561295516,1.0,0.0,0.0,0.0,1.0,0.0,0.0,0.0,1.0,0.015
-18.138,-23.896,17.46,1.0,0.0,0.0,0.0,1.0,0.0,0.0,0.0,1.0,0.015
-17.53711748660597,-24.332038638038146,17.56635088732638,1.0,0.0,0.0,0.0,1.0,0.0,0.0,0.0,1.0,0.015
-17.121,-24.634,17.64,1.0,0.0,0.0,0.0,1.0,0.0,0.0,0.0,1.0,0.015
-16.502906262087933,-25.045274609547608,17.746364123158866,1.0,0.0,0.0,0.0,1.0,0.0,0.0,0.0,1.0,0.015
-16.075,-25.33,17.82,1.0,0.0,0.0,0.0,1.0,0.0,0.0,0.0,1.0,0.015
-15.439946009807167,-25.714576881502822,17.926334621613684,1.0,0.0,0.0,0.0,1.0,0.0,0.0,0.0,1.0,0.015
-15.0,-25.981,18.0,1.0,0.0,0.0,0.0,1.0,0.0,0.0,0.0,1.0,0.015
-14.349344313686176,-26.33853559511341,18.10637422664531,1.0,0.0,0.0,0.0,1.0,0.0,0.0,0.0,1.0,0.015
-13.899,-26.586,18.18,1.0,0.0,0.0,0.0,1.0,0.0,0.0,0.0,1.0,0.015
-13.234009890354788,-26.916132745374487,18.28630392516531,1.0,0.0,0.0,0.0,1.0,0.0,0.0,0.0,1.0,0.015
-12.773,-27.145,18.36,1.0,0.0,0.0,0.0,1.0,0.0,0.0,0.0,1.0,0.015
-12.094737036796783,-27.44690973362094,18.466347851373325,1.0,0.0,0.0,0.0,1.0,0.0,0.0,0.0,1.0,0.015
-11.625,-27.656,18.54,1.0,0.0,0.0,0.0,1.0,0.0,0.0,0.0,1.0,0.015
-10.934629863225734,-27.929074489032285,18.646392658064528,1.0,0.0,0.0,0.0,1.0,0.0,0.0,0.0,1.0,0.015
-10.457,-28.118,18.72,1.0,0.0,0.0,0.0,1.0,0.0,0.0,0.0,1.0,0.015
-9.756023744416774,-28.362588427991113,18.826342794778743,1.0,0.0,0.0,0.0,1.0,0.0,0.0,0.0,1.0,0.015
-9.2705,-28.532,18.9,1.0,0.0,0.0,0.0,1.0,0.0,0.0,0.0,1.0,0.015
-8.559737514632339,-28.746487307497265,19.006357342560626,1.0,0.0,0.0,0.0,1.0,0.0,0.0,0.0,1.0,0.015
-8.0676,-28.895,19.08,1.0,0.0,0.0,0.0,1.0,0.0,0.0,0.0,1.0,0.015
-7.348433487579878,-29.079356217135057,19.186359356039457,1.0,0.0,0.0,0.0,1.0,0.0,0.0,0.0,1.0,0.015
-6.8505,-29.207,19.26,1.0,0.0,0.0,0.0,1.0,0.0,0.0,0.0,1.0,0.015
-6.124390317413287,-29.361780519760572,19.36633776166757,1.0,0.0,0.0,0.0,1.0,0.0,0.0,0.0,1.0,0.015
-5.6214,-29.469,19.44,1.0,0.0,0.0,0.0,1.0,0.0,0.0,0.0,1.0,0.015
-4.889324423333241,-29.59249971387792,19.546363389942705,1.0,0.0,0.0,0.0,1.0,0.0,0.0,0.0,1.0,0.015
-4.3825,-29.678,19.62,1.0,0.0,0.0,0.0,1.0,0.0,0.0,0.0,1.0,0.015
-3.6459707483162176,-29.771351212711405,19.72634948283578,1.0,0.0,0.0,0.0,1.0,0.0,0.0,0.0,1.0,0.015
-3.1359,-29.836,19.8,1.0,0.0,0.0,0.0,1.0,0.0,0.0,0.0,1.0,0.015
-2.3960745583310956,-29.89803615347008,19.906347691662997,1.0,0.0,0.0,0.0,1.0,0.0,0.0,0.0,1.0,0.015
-1.8837,-29.941,19.98,1.0,0.0,0.0,0.0,1.0,0.0,0.0,0.0,1.0,0.015
-1.1419152584666254,-29.971724776817293,20.086354996675247,1.0,0.0,0.0,0.0,1.0,0.0,0.0,0.0,1.0,0.015
-0.6282699999999999,-29.993,20.16,1.0,0.0,0.0,0.0,1.0,0.0,0.0,0.0,1.0,0.015
0.11415117856416179,-29.993,20.26635221492475,1.0,0.0,0.0,0.0,1.0,0.0,0.0,0.0,1.0,0.015
0.62827,-29.993,20.34,1.0,0.0,0.0,0.0,1.0,0.0,0.0,0.0,1.0,0.015
1.3700547415333744,-29.962275223182704,20.446354996675247,1.0,0.0,0.0,0.0,1.0,0.0,0.0,0.0,1.0,0.015
1.8837000000000002,-29.941,20.52,1.0,0.0,0.0,0.0,1.0,0.0,0.0,0.0,1.0,0.015
2.623525441668904,-29.878963846529917,20.626347691662996,1.0,0.0,0.0,0.0,1.0,0.0,0.0,0.0,1.0,0.015
3.1359,-29.836,20.7,1.0,0.0,0.0,0.0,1.0,0.0,0.0,0.0,1.0,0.015
3.8724292516837826,-29.742648787288594,20.806349482835778,1.0,0.0,0.0,0.0,1.0,0.0,0.0,0.0,1.0,0.015
4.3825,-29.678,20.88,1.0,0.0,0.0,0.0,1.0,0.0,0.0,0.0,1.0,0.015
5.11457557666676,-29.55450028612208,20.986363389942703,1.0,0.0,0.0,0.0,1.0,0.0,0.0,0.0,1.0,0.015
5.6214,-29.469,21.06,1.0,0.0,0.0,0.0,1.0,0.0,0.0,0.0,1.0,0.015
6.347509682586715,-29.31421948023943,21.166337761667567,1.0,0.0,0.0,0.0,1.0,0.0,0.0,0.0,1.0,0.015
6.8505,-29.207,21.24,1.0,0.0,0.0,0.0,1.0,0.0,0.0,0.0,1.0,0.015
7.569666512420123,-29.022643782864943,21.346359356039457,1.0,0.0,0.0,0.0,1.0,0.0,0.0,0.0,1.0,0.015
8.0676,-28.895,21.42,1.0,0.0,0.0,0.0,1.0,0.0,0.0,0.0,1.0,0.015
8.778362485367662,-28.680512692502734,21.52635734256063,1.0,0.0,0.0,0.0,1.0,0.0,0.0,0.0,1.0,0.015
9.2705,-28.532,21.6,1.0,0.0,0.0,0.0,1.0,0.0,0.0,0.0,1.0,0.015
9.971476255583227,-28.287411572008885,21.706342794778745,1.0,0.0,0.0,0.0,1.0,0.0,0.0,0.0,1.0,0.015
10.457,-28.118,21.78,1.0,0.0,0.0,0.0,1.0,0.0,0.0,0.0,1.0,0.015
11.147370136774267,-27.844925510967713,21.88639265806453,1.0,0.0,0.0,0.0,1.0,0.0,0.0,0.0,1.0,0.015
11.625,-27.656,21.96,1.0,0.0,0.0,0.0,1.0,0.0,0.0,0.0,1.0,0.015
12.303262963203217,-27.354090266379057,22.066347851373326,1.0,0.0,0.0,0.0,1.0,0.0,0.0,0.0,1.0,0.015
12.773,-27.145,22.14,1.0,0.0,0.0,0.0,1.0,0.0,0.0,0.0,1.0,0.015
13.437990109645211,-26.81486725462551,22.24630392516531,1.0,0.0,0.0,0.0,1.0,0.0,0.0,0.0,1.0,0.015
13.899,-26.586,22.32,1.0,0.0,0.0,0.0,1.0,0.0,0.0,0.0,1.0,0.015
14.549655686313823,-26.22846440488659,22.42637422664531,1.0,0.0,0.0,0.0,1.0,0.0,0.0,0.0,1.0,0.015
15.0,-25.981,22.5,1.0,0.0,0.0,0.0,1.0,0.0,0.0,0.0,1.0,0.015
15.635053990192832,-25.596423118497178,22.606334621613684,1.0,0.0,0.0,0.0,1.0,0.0,0.0,0.0,1.0,0.015
16.075,-25.33,22.68,1.0,0.0,0.0,0.0,1.0,0.0,0.0,0.0,1.0,0.015
16.693093737912065,-24.91872539045239,22.786364123158865,1.0,0.0,0.0,0.0,1.0,0.0,0.0,0.0,1.0,0.015
17.121,-24.634,22.86,1.0,0.0,0.0,0.0,1.0,0.0,0.0,0.0,1.0,0.015
17.721882513394032,-24.197961361961855,22.966350887326378,1.0,0.0,0.0,0.0,1.0,0.0,0.0,0.0,1.0,0.015
18.138,-23.896,23.04,1.0,0.0,0.0,0.0,1.0,0.0,0.0,0.0,1.0,0.015
18.719749543756013,-23.434734625712238,23.146309561295514,1.0,0.0,0.0,0.0,1.0,0.0,0.0,0.0,1.0,0.015
19.123,-23.115,23.22,1.0,0.0,0.0,0.0,1.0,0.0,0.0,0.0,1.0,0.015
19.68497281580257,-22.629847863539528,23.32636709447367,1.0,0.0,0.0,0.0,1.0,0.0,0.0,0.0,1.0,0.015
20.074,-22.294,23.4,1.0,0.0,0.0,0.0,1.0,0.0,0.0,0.0,1.0,0.015
20.61525437364313,-21.785835413391823,23.5063600297552,1.0,0.0,0.0,0.0,1.0,0.0,0.0,0.0,1.0,0.015
20.99,-21.434,23.58,1.0,0.0,0.0,0.0,1.0,0.0,0.0,0.0,1.0,0.015
21.50932878475759,-20.903445678370517,23.686347191417937,1.0,0.0,0.0,0.0,1.0,0.0,0.0,0.0,1.0,0.015
21.869,-20.536,23.76,1.0,0.0,0.0,0.0,1.0,0.0,0.0,0.0,1.0,0.015
22.366074396369836,-19.984548856345953,23.86638928816477,1.0,0.0,0.0,0.0,1.0,0.0,0.0,0.0,1.0,0.015
22.71,-19.603,23.94,1.0,0.0,0.0,0.0,1.0,0.0,0.0,0.0,1.0,0.015
23.18302240464156,-19.030766903748226,24.046297169582374,1.0,0.0,0.0,0.0,1.0,0.0,0.0,0.0,1.0,0.015
23.511,-18.634,24.12,1.0,0.0,0.0,0.0,1.0,0.0,0.0,0.0,1.0,0.015
23.960222931556288,-18.042917195320676,24.22639490484228,1.0,0.0,0.0,0.0,1.0,0.0,0.0,0.0,1.0,0.015
24.271,-17.634,24.3,1.0,0.0,0.0,0.0,1.0,0.0,0.0,0.0,1.0,0.015
24.694607374851675,-17.024288966740684,24.40634494766151,1.0,0.0,0.0,0.0,1.0,0.0,0.0,0.0,1.0,0.015
24.988,-16.602,24.48,1.0,0.0,0.0,0.0,1.0,0.0,0.0,0.0,1.0,0.015
25.38566907398687,-15.975065546062307,24.58636022781224,1.0,0.0,0.0,0.0,1.0,0.0,0.0,0.0,1.0,0.015
25.661,-15.541,24.66,1.0,0.0,0.0,0.0,1.0,0.0,0.0,0.0,1.0,0.015
26.032139148727822,-14.898007334688105,24.76637746301116,1.0,0.0,0.0,0.0,1.0,0.0,0.0,0.0,1.0,0.015
26.289,-14.453,24.84,1.0,0.0,0.0,0.0,1.0,0.0,0.0,0.0,1.0,0.015
26.63278392457331,-13.794966852277202,24.946324925125765,1.0,0.0,0.0,0.0,1.0,0.0,0.0,0.0,1.0,0.015
26.871,-13.339,25.02,1.0,0.0,0.0,0.0,1.0,0.0,0.0,0.0,1.0,0.015
27.187092487587375,-12.667229610491878,25.12634887432846,1.0,0.0,0.0,0.0,1.0,0.0,0.0,0.0,1.0,0.015
27.406,-12.202,25.2,1.0,0.0,0.0,0.0,1.0,0.0,0.0,0.0,1.0,0.015
27.693809689273156,-11.517639383617427,25.3063772978833,1.0,0.0,0.0,0.0,1.0,0.0,0.0,0.0,1.0,0.015
27.893,-11.044,25.38,1.0,0.0,0.0,0.0,1.0,0.0,0.0,0.0,1.0,0.015
28.15173939258208,-10.3481209943797,25.486331257225512,1.0,0.0,0.0,0.0,1.0,0.0,0.0,0.0,1.0,0.015
28.331,-9.866,25.56,1.0,0.0,0.0,0.0,1.0,0.0,0.0,0.0,1.0,0.015
28.56080663534938,-9.160038742307176,25.666337260572977,1.0,0.0,0.0,0.0,1.0,0.0,0.0,0.0,1.0,0.015
28.72,-8.671,25.74,1.0,0.0,0.0,0.0,1.0,0.0,0.0,0.0,1.0,0.015
28.919145737710867,-7.955789061271622,25.846368643287704,1.0,0.0,0.0,0.0,1.0,0.0,0.0,0.0,1.0,0.015
29.057,-7.4607,25.92,1.0,0.0,0.0,0.0,1.0,0.0,0.0,0.0,1.0,0.015
29.226575901926378,-6.737904875168854,26.0263542242047,1.0,0.0,0.0,0.0,1.0,0.0,0.0,0.0,1.0,0.015
29.344,-6.2374,26.1,1.0,0.0,0.0,0.0,1.0,0.0,0.0,0.0,1.0,0.015
29.483426603831553,-5.508187046147085,26.20634232495627,1.0,0.0,0.0,0.0,1.0,0.0,0.0,0.0,1.0,0.015
29.58,-5.0031,26.28,1.0,0.0,0.0,0.0,1.0,0.0,0.0,0.0,1.0,0.015
29.688128313968694,-4.268595589647629,26.386355718657732,1.0,0.0,0.0,0.0,1.0,0.0,0.0,0.0,1.0,0.015
29.763,-3.76,26.46,1.0,0.0,0.0,0.0,1.0,0.0,0.0,0.0,1.0,0.015
29.84098481682305,-3.0216846546684577,26.56634293203143,1.0,0.0,0.0,0.0,1.0,0.0,0.0,0.0,1.0,0.015
29.895,-2.5103,26.64,1.0,0.0,0.0,0.0,1.0,0.0,0.0,0.0,1.0,0.015
29.941678772116266,-1.7693483514709252,26.74635669596111,1.0,0.0,0.0,0.0,1.0,0.0,0.0,0.0,1.0,0.015
29.974,-1.2563,26.82,1.0,0.0,0.0,0.0,1.0,0.0,0.0,0.0,1.0,0.015
29.989361639011804,-0.5140374195948701,26.926349808543264,1.0,0.0,0.0,0.0,1.0,0.0,0.0,0.0,1.0,0.015
30.0,1.7918999617450027E-13,27.0,1.0,0.0,0.0,0.0,1.0,0.0,0.0,0.0,1.0,0.015
29.984638360988193,0.7422625804053047,27.106349808543296,1.0,0.0,0.0,0.0,1.0,0.0,0.0,0.0,1.0,0.015
29.974,1.2563,27.18,1.0,0.0,0.0,0.0,1.0,0.0,0.0,0.0,1.0,0.015
29.927321227883734,1.9972516485290748,27.28635669596111,1.0,0.0,0.0,0.0,1.0,0.0,0.0,0.0,1.0,0.015
29.895,2.5103,27.36,1.0,0.0,0.0,0.0,1.0,0.0,0.0,0.0,1.0,0.015
29.817015183176952,3.248615345331542,27.466342932031427,1.0,0.0,0.0,0.0,1.0,0.0,0.0,0.0,1.0,0.015
29.763,3.76,27.54,1.0,0.0,0.0,0.0,1.0,0.0,0.0,0.0,1.0,0.015
29.654871686031306,4.494504410352371,27.64635571865773,1.0,0.0,0.0,0.0,1.0,0.0,0.0,0.0,1.0,0.015
29.58,5.0031,27.72,1.0,0.0,0.0,0.0,1.0,0.0,0.0,0.0,1.0,0.015
29.440573396168446,5.732312953852915,27.82634232495627,1.0,0.0,0.0,0.0,1.0,0.0,0.0,0.0,1.0,0.015
29.344,6.2374,27.9,1.0,0.0,0.0,0.0,1.0,0.0,0.0,0.0,1.0,0.015
29.174424098073622,6.960195124831146,28.006354224204696,1.0,0.0,0.0,0.0,1.0,0.0,0.0,0.0,1.0,0.015
29.057,7.4607,28.08,1.0,0.0,0.0,0.0,1.0,0.0,0.0,0.0,1.0,0.015
28.85785426228913,8.175910938728379,28.186368643287704,1.0,0.0,0.0,0.0,1.0,0.0,0.0,0.0,1.0,0.015
28.72,8.671,28.26,1.0,0.0,0.0,0.0,1.0,0.0,0.0,0.0,1.0,0.015
28.49019336465062,9.376961257692823,28.36633726057298,1.0,0.0,0.0,0.0,1.0,0.0,0.0,0.0,1.0,0.015
28.331,9.866,28.44,1.0,0.0,0.0,0.0,1.0,0.0,0.0,0.0,1.0,0.015
28.07226060741792,10.5618790056203,28.546331257225514,1.0,0.0,0.0,0.0,1.0,0.0,0.0,0.0,1.0,0.015
27.893,11.044,28.62,1.0,0.0,0.0,0.0,1.0,0.0,0.0,0.0,1.0,0.015
27.605190310726844,11.728360616382574,28.726377297883303,1.0,0.0,0.0,0.0,1.0,0.0,0.0,0.0,1.0,0.015
27.406,12.202,28.8,1.0,0.0,0.0,0.0,1.0,0.0,0.0,0.0,1.0,0.015
27.089907512412623,12.873770389508122,28.90634887432846,1.0,0.0,0.0,0.0,1.0,0.0,0.0,0.0,1.0,0.015
26.871,13.339,28.98,1.0,0.0,0.0,0.0,1.0,0.0,0.0,0.0,1.0,0.015
26.52721607542669,13.997033147722798,29.086324925125766,1.0,0.0,0.0,0.0,1.0,0.0,0.0,0.0,1.0,0.015
26.289,14.453,29.16,1.0,0.0,0.0,0.0,1.0,0.0,0.0,0.0,1.0,0.015
25.91786085127218,15.095992665311895,29.26637746301116,1.0,0.0,0.0,0.0,1.0,0.0,0.0,0.0,1.0,0.015
25.661,15.541,29.34,1.0,0.0,0.0,0.0,1.0,0.0,0.0,0.0,1.0,0.015
25.263330926013133,16.167934453937693,29.44636022781224,1.0,0.0,0.0,0.0,1.0,0.0,0.0,0.0,1.0,0.015
24.988,16.602,29.52,1.0,0.0,0.0,0.0,1.0,0.0,0.0,0.0,1.0,0.015
24.564392625148326,17.211711033259316,29.626344947661508,1.0,0.0,0.0,0.0,1.0,0.0,0.0,0.0,1.0,0.015
24.271,17.634,29.7,1.0,0.0,0.0,0.0,1.0,0.0,0.0,0.0,1.0,0.015
23.821777068443712,18.225082804679325,29.80639490484228,1.0,0.0,0.0,0.0,1.0,0.0,0.0,0.0,1.0,0.015
23.511,18.634,29.88,1.0,0.0,0.0,0.0,1.0,0.0,0.0,0.0,1.0,0.015
23.03797759535844,19.206233096251776,29.98629716958237,1.0,0.0,0.0,0.0,1.0,0.0,0.0,0.0,1.0,0.015
22.71,19.603,30.06,1.0,0.0,0.0,0.0,1.0,0.0,0.0,0.0,1.0,0.015
22.212925603630165,20.15445114365405,30.166389288164766,1.0,0.0,0.0,0.0,1.0,0.0,0.0,0.0,1.0,0.015
21.869,20.536,30.24,1.0,0.0,0.0,0.0,1.0,0.0,0.0,0.0,1.0,0.015
21.34967121524241,21.066554321629486,30.346347191417937,1.0,0.0,0.0,0.0,1.0,0.0,0.0,0.0,1.0,0.015
20.99,21.434,30.42,1.0,0.0,0.0,0.0,1.0,0.0,0.0,0.0,1.0,0.015
20.44874562635687,21.94216458660818,30.526360029755203,1.0,0.0,0.0,0.0,1.0,0.0,0.0,0.0,1.0,0.015
20.074,22.294,30.6,1.0,0.0,0.0,0.0,1.0,0.0,0.0,0.0,1.0,0.015
19.512027184197432,22.77915213646047,30.706367094473674,1.0,0.0,0.0,0.0,1.0,0.0,0.0,0.0,1.0,0.015
19.123,23.115,30.78,1.0,0.0,0.0,0.0,1.0,0.0,0.0,0.0,1.0,0.015
18.54125045624399,23.57626537428776,30.886309561295516,1.0,0.0,0.0,0.0,1.0,0.0,0.0,0.0,1.0,0.015
18.138,23.896,30.96,1.0,0.0,0.0,0.0,1.0,0.0,0.0,0.0,1.0,0.015
17.53711748660597,24.332038638038146,31.06635088732638,1.0,0.0,0.0,0.0,1.0,0.0,0.0,0.0,1.0,0.015
17.121,24.634,31.14,1.0,0.0,0.0,0.0,1.0,0.0,0.0,0.0,1.0,0.015
16.502906262087933,25.045274609547608,31.246364123158866,1.0,0.0,0.0,0.0,1.0,0.0,0.0,0.0,1.0,0.015
16.075,25.33,31.32,1.0,0.0,0.0,0.0,1.0,0.0,0.0,0.0,1.0,0.015
15.439946009807167,25.714576881502822,31.426334621613684,1.0,0.0,0.0,0.0,1.0,0.0,0.0,0.0,1.0,0.015
15.0,25.981,31.5,1.0,0.0,0.0,0.0,1.0,0.0,0.0,0.0,1.0,0.015
14.349344313686176,26.33853559511341,31.60637422664531,1.0,0.0,0.0,0.0,1.0,0.0,0.0,0.0,1.0,0.015
13.899,26.586,31.68,1.0,0.0,0.0,0.0,1.0,0.0,0.0,0.0,1.0,0.015
13.234009890354788,26.916132745374487,31.78630392516531,1.0,0.0,0.0,0.0,1.0,0.0,0.0,0.0,1.0,0.015
12.773,27.145,31.86,1.0,0.0,0.0,0.0,1.0,0.0,0.0,0.0,1.0,0.015
12.094737036796783,27.44690973362094,31.966347851373325,1.0,0.0,0.0,0.0,1.0,0.0,0.0,0.0,1.0,0.015
11.625,27.656,32.04,1.0,0.0,0.0,0.0,1.0,0.0,0.0,0.0,1.0,0.015
10.934629863225734,27.929074489032285,32.14639265806453,1.0,0.0,0.0,0.0,1.0,0.0,0.0,0.0,1.0,0.015
10.457,28.118,32.22,1.0,0.0,0.0,0.0,1.0,0.0,0.0,0.0,1.0,0.015
9.756023744416774,28.362588427991113,32.326342794778746,1.0,0.0,0.0,0.0,1.0,0.0,0.0,0.0,1.0,0.015
9.2705,28.532,32.4,1.0,0.0,0.0,0.0,1.0,0.0,0.0,0.0,1.0,0.015
8.559737514632339,28.746487307497265,32.50635734256063,1.0,0.0,0.0,0.0,1.0,0.0,0.0,0.0,1.0,0.015
8.0676,28.895,32.58,1.0,0.0,0.0,0.0,1.0,0.0,0.0,0.0,1.0,0.015
7.348433487579877,29.079356217135057,32.68635935603945,1.0,0.0,0.0,0.0,1.0,0.0,0.0,0.0,1.0,0.015
6.8505,29.207,32.76,1.0,0.0,0.0,0.0,1.0,0.0,0.0,0.0,1.0,0.015
6.124390317413287,29.361780519760572,32.866337761667566,1.0,0.0,0.0,0.0,1.0,0.0,0.0,0.0,1.0,0.015
5.6214,29.469,32.94,1.0,0.0,0.0,0.0,1.0,0.0,0.0,0.0,1.0,0.015
4.889324423333241,29.59249971387792,33.046363389942705,1.0,0.0,0.0,0.0,1.0,0.0,0.0,0.0,1.0,0.015
4.3825,29.678,33.12,1.0,0.0,0.0,0.0,1.0,0.0,0.0,0.0,1.0,0.015
3.6459707483162176,29.771351212711405,33.22634948283577,1.0,0.0,0.0,0.0,1.0,0.0,0.0,0.0,1.0,0.015
3.1359,29.836,33.3,1.0,0.0,0.0,0.0,1.0,0.0,0.0,0.0,1.0,0.015
2.3960745583310956,29.89803615347008,33.406347691662994,1.0,0.0,0.0,0.0,1.0,0.0,0.0,0.0,1.0,0.015
1.8837,29.941,33.48,1.0,0.0,0.0,0.0,1.0,0.0,0.0,0.0,1.0,0.015
1.1419152584666254,29.971724776817293,33.58635499667525,1.0,0.0,0.0,0.0,1.0,0.0,0.0,0.0,1.0,0.015
0.6282699999999999,29.993,33.66,1.0,0.0,0.0,0.0,1.0,0.0,0.0,0.0,1.0,0.015
-0.11415117856416135,29.993,33.76635221492475,1.0,0.0,0.0,0.0,1.0,0.0,0.0,0.0,1.0,0.015
-0.62827,29.993,33.84,1.0,0.0,0.0,0.0,1.0,0.0,0.0,0.0,1.0,0.015
-1.3700547415333744,29.962275223182704,33.946354996675254,1.0,0.0,0.0,0.0,1.0,0.0,0.0,0.0,1.0,0.015
-1.8837000000000002,29.941,34.02,1.0,0.0,0.0,0.0,1.0,0.0,0.0,0.0,1.0,0.015
-2.623525441668904,29.878963846529917,34.126347691663,1.0,0.0,0.0,0.0,1.0,0.0,0.0,0.0,1.0,0.015
-3.1359,29.836,34.2,1.0,0.0,0.0,0.0,1.0,0.0,0.0,0.0,1.0,0.015
-3.8724292516837826,29.742648787288594,34.30634948283578,1.0,0.0,0.0,0.0,1.0,0.0,0.0,0.0,1.0,0.015
-4.3825,29.678,34.38,1.0,0.0,0.0,0.0,1.0,0.0,0.0,0.0,1.0,0.015
-5.11457557666676,29.55450028612208,34.48636338994271,1.0,0.0,0.0,0.0,1.0,0.0,0.0,0.0,1.0,0.015
-5.6214,29.469,34.56,1.0,0.0,0.0,0.0,1.0,0.0,0.0,0.0,1.0,0.015
-6.347509682586715,29.31421948023943,34.66633776166757,1.0,0.0,0.0,0.0,1.0,0.0,0.0,0.0,1.0,0.015
-6.8505,29.207,34.74,1.0,0.0,0.0,0.0,1.0,0.0,0.0,0.0,1.0,0.015
-7.569666512420124,29.022643782864943,34.84635935603946,1.0,0.0,0.0,0.0,1.0,0.0,0.0,0.0,1.0,0.015
-8.0676,28.895,34.92,1.0,0.0,0.0,0.0,1.0,0.0,0.0,0.0,1.0,0.015
-8.778362485367662,28.680512692502734,35.02635734256063,1.0,0.0,0.0,0.0,1.0,0.0,0.0,0.0,1.0,0.015
-9.2705,28.532,35.1,1.0,0.0,0.0,0.0,1.0,0.0,0.0,0.0,1.0,0.015
-9.971476255583227,28.287411572008885,35.20634279477875,1.0,0.0,0.0,0.0,1.0,0.0,0.0,0.0,1.0,0.015
-10.457,28.118,35.28,1.0,0.0,0.0,0.0,1.0,0.0,0.0,0.0,1.0,0.015
-11.147370136774267,27.844925510967713,35.38639265806453,1.0,0.0,0.0,0.0,1.0,0.0,0.0,0.0,1.0,0.015
-11.625,27.656,35.46,1.0,0.0,0.0,0.0,1.0,0.0,0.0,0.0,1.0,0.015
-12.303262963203217,27.354090266379057,35.56634785137333,1.0,0.0,0.0,0.0,1.0,0.0,0.0,0.0,1.0,0.015
-12.773,27.145,35.64,1.0,0.0,0.0,0.0,1.0,0.0,0.0,0.0,1.0,0.015
-13.437990109645211,26.81486725462551,35.74630392516531,1.0,0.0,0.0,0.0,1.0,0.0,0.0,0.0,1.0,0.015
-13.899,26.586,35.82,1.0,0.0,0.0,0.0,1.0,0.0,0.0,0.0,1.0,0.015
-14.549655686313823,26.22846440488659,35.926374226645315,1.0,0.0,0.0,0.0,1.0,0.0,0.0,0.0,1.0,0.015
-15.0,25.981,36.0,1.0,0.0,0.0,0.0,1.0,0.0,0.0,0.0,1.0,0.015
-15.635053990192832,25.596423118497178,36.106334621613684,1.0,0.0,0.0,0.0,1.0,0.0,0.0,0.0,1.0,0.015
-16.075,25.33,36.18,1.0,0.0,0.0,0.0,1.0,0.0,0.0,0.0,1.0,0.015
-16.693093737912065,24.91872539045239,36.28636412315886,1.0,0.0,0.0,0.0,1.0,0.0,0.0,0.0,1.0,0.015
-17.121,24.634,36.36,1.0,0.0,0.0,0.0,1.0,0.0,0.0,0.0,1.0,0.015
-17.721882513394032,24.197961361961855,36.46635088732638,1.0,0.0,0.0,0.0,1.0,0.0,0.0,0.0,1.0,0.015
-18.138,23.896,36.54,1.0,0.0,0.0,0.0,1.0,0.0,0.0,0.0,1.0,0.015
-18.719749543756013,23.434734625712238,36.64630956129551,1.0,0.0,0.0,0.0,1.0,0.0,0.0,0.0,1.0,0.015
-19.123,23.115,36.72,1.0,0.0,0.0,0.0,1.0,0.0,0.0,0.0,1.0,0.015
-19.68497281580257,22.629847863539528,36.826367094473675,1.0,0.0,0.0,0.0,1.0,0.0,0.0,0.0,1.0,0.015
-20.074,22.294,36.9,1.0,0.0,0.0,0.0,1.0,0.0,0.0,0.0,1.0,0.015
-20.61525437364313,21.785835413391823,37.0063600297552,1.0,0.0,0.0,0.0,1.0,0.0,0.0,0.0,1.0,0.015
-20.99,21.434,37.08,1.0,0.0,0.0,0.0,1.0,0.0,0.0,0.0,1.0,0.015
-21.50932878475759,20.903445678370517,37.18634719141794,1.0,0.0,0.0,0.0,1.0,0.0,0.0,0.0,1.0,0.015
-21.869,20.536,37.26,1.0,0.0,0.0,0.0,1.0,0.0,0.0,0.0,1.0,0.015
-22.366074396369836,19.984548856345953,37.36638928816477,1.0,0.0,0.0,0.0,1.0,0.0,0.0,0.0,1.0,0.015
-22.71,19.603,37.44,1.0,0.0,0.0,0.0,1.0,0.0,0.0,0.0,1.0,0.015
-23.18302240464156,19.030766903748226,37.546297169582374,1.0,0.0,0.0,0.0,1.0,0.0,0.0,0.0,1.0,0.015
-23.511,18.634,37.62,1.0,0.0,0.0,0.0,1.0,0.0,0.0,0.0,1.0,0.015
-23.960222931556288,18.042917195320676,37.72639490484227,1.0,0.0,0.0,0.0,1.0,0.0,0.0,0.0,1.0,0.015
-24.271,17.634,37.8,1.0,0.0,0.0,0.0,1.0,0.0,0.0,0.0,1.0,0.015
-24.694607374851675,17.024288966740684,37.90634494766151,1.0,0.0,0.0,0.0,1.0,0.0,0.0,0.0,1.0,0.015
-24.988,16.602,37.98,1.0,0.0,0.0,0.0,1.0,0.0,0.0,0.0,1.0,0.015
-25.38566907398687,15.975065546062307,38.086360227812236,1.0,0.0,0.0,0.0,1.0,0.0,0.0,0.0,1.0,0.015
-25.661,15.541,38.16,1.0,0.0,0.0,0.0,1.0,0.0,0.0,0.0,1.0,0.015
-26.032139148727822,14.898007334688105,38.26637746301116,1.0,0.0,0.0,0.0,1.0,0.0,0.0,0.0,1.0,0.015
-26.289,14.453,38.34,1.0,0.0,0.0,0.0,1.0,0.0,0.0,0.0,1.0,0.015
-26.63278392457331,13.794966852277202,38.44632492512577,1.0,0.0,0.0,0.0,1.0,0.0,0.0,0.0,1.0,0.015
-26.871,13.339,38.52,1.0,0.0,0.0,0.0,1.0,0.0,0.0,0.0,1.0,0.015
-27.187092487587375,12.667229610491878,38.626348874328464,1.0,0.0,0.0,0.0,1.0,0.0,0.0,0.0,1.0,0.015
-27.406,12.202,38.7,1.0,0.0,0.0,0.0,1.0,0.0,0.0,0.0,1.0,0.015
-27.693809689273156,11.517639383617427,38.8063772978833,1.0,0.0,0.0,0.0,1.0,0.0,0.0,0.0,1.0,0.015
-27.893,11.044,38.88,1.0,0.0,0.0,0.0,1.0,0.0,0.0,0.0,1.0,0.015
-28.15173939258208,10.3481209943797,38.986331257225515,1.0,0.0,0.0,0.0,1.0,0.0,0.0,0.0,1.0,0.015
-28.331,9.866,39.06,1.0,0.0,0.0,0.0,1.0,0.0,0.0,0.0,1.0,0.015
-28.56080663534938,9.160038742307176,39.16633726057298,1.0,0.0,0.0,0.0,1.0,0.0,0.0,0.0,1.0,0.015
-28.72,8.671,39.24,1.0,0.0,0.0,0.0,1.0,0.0,0.0,0.0,1.0,0.015
-28.919145737710867,7.955789061271622,39.346368643287704,1.0,0.0,0.0,0.0,1.0,0.0,0.0,0.0,1.0,0.015
-29.057,7.4607,39.42,1.0,0.0,0.0,0.0,1.0,0.0,0.0,0.0,1.0,0.015
-29.226575901926378,6.737904875168854,39.5263542242047,1.0,0.0,0.0,0.0,1.0,0.0,0.0,0.0,1.0,0.015
-29.344,6.2374,39.6,1.0,0.0,0.0,0.0,1.0,0.0,0.0,0.0,1.0,0.015
-29.483426603831553,5.508187046147085,39.706342324956275,1.0,0.0,0.0,0.0,1.0,0.0,0.0,0.0,1.0,0.015
-29.58,5.0031,39.78,1.0,0.0,0.0,0.0,1.0,0.0,0.0,0.0,1.0,0.015
-29.688128313968694,4.268595589647629,39.88635571865773,1.0,0.0,0.0,0.0,1.0,0.0,0.0,0.0,1.0,0.015
-29.763,3.76,39.96,1.0,0.0,0.0,0.0,1.0,0.0,0.0,0.0,1.0,0.015
-29.84098481682305,3.0216846546684577,40.06634293203143,1.0,0.0,0.0,0.0,1.0,0.0,0.0,0.0,1.0,0.015
-29.895,2.5103,40.14,1.0,0.0,0.0,0.0,1.0,0.0,0.0,0.0,1.0,0.015
-29.941678772116266,1.7693483514709252,40.24635669596111,1.0,0.0,0.0,0.0,1.0,0.0,0.0,0.0,1.0,0.015
-29.974,1.2563,40.32,1.0,0.0,0.0,0.0,1.0,0.0,0.0,0.0,1.0,0.015
-29.989361639011815,0.5140374195948797,40.42634980854333,1.0,0.0,0.0,0.0,1.0,0.0,0.0,0.0,1.0,0.015
-30.0,5.972999872483342E-13,40.5,1.0,0.0,0.0,0.0,1.0,0.0,0.0,0.0,1.0,0.015
-29.9846383609882,-0.7422625804045379,40.60634980854323,1.0,0.0,0.0,0.0,1.0,0.0,0.0,0.0,1.0,0.015
-29.974,-1.2563,40.68,1.0,0.0,0.0,0.0,1.0,0.0,0.0,0.0,1.0,0.015
-29.927321227883734,-1.9972516485290748,40.78635669596111,1.0,0.0,0.0,0.0,1.0,0.0,0.0,0.0,1.0,0.015
-29.895,-2.5103,40.86,1.0,0.0,0.0,0.0,1.0,0.0,0.0,0.0,1.0,0.015
-29.817015183176952,-3.248615345331542,40.96634293203143,1.0,0.0,0.0,0.0,1.0,0.0,0.0,0.0,1.0,0.015
-29.763,-3.76,41.04,1.0,0.0,0.0,0.0,1.0,0.0,0.0,0.0,1.0,0.015
-29.654871686031306,-4.494504410352371,41.14635571865773,1.0,0.0,0.0,0.0,1.0,0.0,0.0,0.0,1.0,0.015
-29.58,-5.0031,41.22,1.0,0.0,0.0,0.0,1.0,0.0,0.0,0.0,1.0,0.015
-29.440573396168446,-5.732312953852915,41.32634232495627,1.0,0.0,0.0,0.0,1.0,0.0,0.0,0.0,1.0,0.015
-29.344,-6.2374,41.4,1.0,0.0,0.0,0.0,1.0,0.0,0.0,0.0,1.0,0.015
-29.174424098073622,-6.960195124831146,41.5063542242047,1.0,0.0,0.0,0.0,1.0,0.0,0.0,0.0,1.0,0.015
-29.057,-7.4607,41.58,1.0,0.0,0.0,0.0,1.0,0.0,0.0,0.0,1.0,0.015
-28.85785426228913,-8.175910938728379,41.6863686432877,1.0,0.0,0.0,0.0,1.0,0.0,0.0,0.0,1.0,0.015
-28.72,-8.671,41.76,1.0,0.0,0.0,0.0,1.0,0.0,0.0,0.0,1.0,0.015
-28.49019336465062,-9.376961257692823,41.866337260572976,1.0,0.0,0.0,0.0,1.0,0.0,0.0,0.0,1.0,0.015
-28.331,-9.866,41.94,1.0,0.0,0.0,0.0,1.0,0.0,0.0,0.0,1.0,0.015
-28.07226060741792,-10.5618790056203,42.04633125722551,1.0,0.0,0.0,0.0,1.0,0.0,0.0,0.0,1.0,0.015
-27.893,-11.044,42.12,1.0,0.0,0.0,0.0,1.0,0.0,0.0,0.0,1.0,0.015
-27.605190310726844,-11.728360616382574,42.226377297883296,1.0,0.0,0.0,0.0,1.0,0.0,0.0,0.0,1.0,0.015
-27.406,-12.202,42.3,1.0,0.0,0.0,0.0,1.0,0.0,0.0,0.0,1.0,0.015
-27.089907512412623,-12.873770389508122,42.40634887432846,1.0,0.0,0.0,0.0,1.0,0.0,0.0,0.0,1.0,0.015
-26.871,-13.339,42.48,1.0,0.0,0.0,0.0,1.0,0.0,0.0,0.0,1.0,0.015
-26.52721607542669,-13.997033147722798,42.586324925125766,1.0,0.0,0.0,0.0,1.0,0.0,0.0,0.0,1.0,0.015
-26.289,-14.453,42.66,1.0,0.0,0.0,0.0,1.0,0.0,0.0,0.0,1.0,0.015
-25.91786085127218,-15.095992665311895,42.76637746301116,1.0,0.0,0.0,0.0,1.0,0.0,0.0,0.0,1.0,0.015
-25.661,-15.541,42.84,1.0,0.0,0.0,0.0,1.0,0.0,0.0,0.0,1.0,0.015
-25.263330926013133,-16.167934453937693,42.94636022781224,1.0,0.0,0.0,0.0,1.0,0.0,0.0,0.0,1.0,0.015
-24.988,-16.602,43.02,1.0,0.0,0.0,0.0,1.0,0.0,0.0,0.0,1.0,0.015
-24.564392625148326,-17.211711033259316,43.126344947661515,1.0,0.0,0.0,0.0,1.0,0.0,0.0,0.0,1.0,0.015
-24.271,-17.634,43.2,1.0,0.0,0.0,0.0,1.0,0.0,0.0,0.0,1.0,0.015
-23.821777068443712,-18.225082804679325,43.30639490484228,1.0,0.0,0.0,0.0,1.0,0.0,0.0,0.0,1.0,0.015
-23.511,-18.634,43.38,1.0,0.0,0.0,0.0,1.0,0.0,0.0,0.0,1.0,0.015
-23.03797759535844,-19.206233096251776,43.48629716958238,1.0,0.0,0.0,0.0,1.0,0.0,0.0,0.0,1.0,0.015
-22.71,-19.603,43.56,1.0,0.0,0.0,0.0,1.0,0.0,0.0,0.0,1.0,0.015
-22.212925603630165,-20.15445114365405,43.66638928816477,1.0,0.0,0.0,0.0,1.0,0.0,0.0,0.0,1.0,0.015
-21.869,-20.536,43.74,1.0,0.0,0.0,0.0,1.0,0.0,0.0,0.0,1.0,0.015
-21.34967121524241,-21.066554321629486,43.84634719141794,1.0,0.0,0.0,0.0,1.0,0.0,0.0,0.0,1.0,0.015
-20.99,-21.434,43.92,1.0,0.0,0.0,0.0,1.0,0.0,0.0,0.0,1.0,0.015
-20.44874562635687,-21.94216458660818,44.0263600297552,1.0,0.0,0.0,0.0,1.0,0.0,0.0,0.0,1.0,0.015
-20.074,-22.294,44.1,1.0,0.0,0.0,0.0,1.0,0.0,0.0,0.0,1.0,0.015
-19.512027184197432,-22.77915213646047,44.20636709447368,1.0,0.0,0.0,0.0,1.0,0.0,0.0,0.0,1.0,0.015
-19.123,-23.115,44.28,1.0,0.0,0.0,0.0,1.0,0.0,0.0,0.0,1.0,0.015
-18.54125045624399,-23.57626537428776,44.38630956129551,1.0,0.0,0.0,0.0,1.0,0.0,0.0,0.0,1.0,0.015
-18.138,-23.896,44.46,1.0,0.0,0.0,0.0,1.0,0.0,0.0,0.0,1.0,0.015
-17.53711748660597,-24.332038638038146,44.56635088732638,1.0,0.0,0.0,0.0,1.0,0.0,0.0,0.0,1.0,0.015
-17.121,-24.634,44.64,1.0,0.0,0.0,0.0,1.0,0.0,0.0,0.0,1.0,0.015
-16.502906262087933,-25.045274609547608,44.74636412315886,1.0,0.0,0.0,0.0,1.0,0.0,0.0,0.0,1.0,0.015
-16.075,-25.33,44.82,1.0,0.0,0.0,0.0,1.0,0.0,0.0,0.0,1.0,0.015
-15.439946009807167,-25.714576881502822,44.926334621613684,1.0,0.0,0.0,0.0,1.0,0.0,0.0,0.0,1.0,0.015
-15.0,-25.981,45.0,1.0,0.0,0.0,0.0,1.0,0.0,0.0,0.0,1.0,0.015
-14.349344313686176,-26.33853559511341,45.106374226645315,1.0,0.0,0.0,0.0,1.0,0.0,0.0,0.0,1.0,0.015
-13.899,-26.586,45.18,1.0,0.0,0.0,0.0,1.0,0.0,0.0,0.0,1.0,0.015
-13.234009890354788,-26.916132745374487,45.286303925165306,1.0,0.0,0.0,0.0,1.0,0.0,0.0,0.0,1.0,0.015
-12.773,-27.145,45.36,1.0,0.0,0.0,0.0,1.0,0.0,0.0,0.0,1.0,0.015
-12.094737036796783,-27.44690973362094,45.46634785137333,1.0,0.0,0.0,0.0,1.0,0.0,0.0,0.0,1.0,0.015
-11.625,-27.656,45.54,1.0,0.0,0.0,0.0,1.0,0.0,0.0,0.0,1.0,0.015
-10.934629863225734,-27.929074489032285,45.64639265806453,1.0,0.0,0.0,0.0,1.0,0.0,0.0,0.0,1.0,0.015
-10.457,-28.118,45.72,1.0,0.0,0.0,0.0,1.0,0.0,0.0,0.0,1.0,0.015
-9.756023744416774,-28.362588427991113,45.826342794778746,1.0,0.0,0.0,0.0,1.0,0.0,0.0,0.0,1.0,0.015
-9.2705,-28.532,45.9,1.0,0.0,0.0,0.0,1.0,0.0,0.0,0.0,1.0,0.015
-8.559737514632339,-28.746487307497265,46.00635734256063,1.0,0.0,0.0,0.0,1.0,0.0,0.0,0.0,1.0,0.015
-8.0676,-28.895,46.08,1.0,0.0,0.0,0.0,1.0,0.0,0.0,0.0,1.0,0.015
-7.348433487579877,-29.079356217135057,46.18635935603945,1.0,0.0,0.0,0.0,1.0,0.0,0.0,0.0,1.0,0.015
-6.8505,-29.207,46.26,1.0,0.0,0.0,0.0,1.0,0.0,0.0,0.0,1.0,0.015
-6.124390317413287,-29.361780519760572,46.366337761667566,1.0,0.0,0.0,0.0,1.0,0.0,0.0,0.0,1.0,0.015
-5.6214,-29.469,46.44,1.0,0.0,0.0,0.0,1.0,0.0,0.0,0.0,1.0,0.015
-4.889324423333241,-29.59249971387792,46.546363389942705,1.0,0.0,0.0,0.0,1.0,0.0,0.0,0.0,1.0,0.015
-4.3825,-29.678,46.62,1.0,0.0,0.0,0.0,1.0,0.0,0.0,0.0,1.0,0.015
-3.6459707483162176,-29.771351212711405,46.72634948283577,1.0,0.0,0.0,0.0,1.0,0.0,0.0,0.0,1.0,0.015
-3.1359,-29.836,46.8,1.0,0.0,0.0,0.0,1.0,0.0,0.0,0.0,1.0,0.015
-2.3960745583310956,-29.89803615347008,46.906347691662994,1.0,0.0,0.0,0.0,1.0,0.0,0.0,0.0,1.0,0.015
-1.8837,-29.941,46.98,1.0,0.0,0.0,0.0,1.0,0.0,0.0,0.0,1.0,0.015
-1.1419152584666254,-29.971724776817293,47.08635499667525,1.0,0.0,0.0,0.0,1.0,0.0,0.0,0.0,1.0,0.015
-0.6282699999999999,-29.993,47.16,1.0,0.0,0.0,0.0,1.0,0.0,0.0,0.0,1.0,0.015
0.11415117856416135,-29.993,47.26635221492475,1.0,0.0,0.0,0.0,1.0,0.0,0.0,0.0,1.0,0.015
0.62827,-29.993,47.34,1.0,0.0,0.0,0.0,1.0,0.0,0.0,0.0,1.0,0.015
1.3700547415333744,-29.962275223182704,47.446354996675254,1.0,0.0,0.0,0.0,1.0,0.0,0.0,0.0,1.0,0.015
1.8837000000000002,-29.941,47.52,1.0,0.0,0.0,0.0,1.0,0.0,0.0,0.0,1.0,0.015
2.623525441668904,-29.878963846529917,47.626347691663,1.0,0.0,0.0,0.0,1.0,0.0,0.0,0.0,1.0,0.015
3.1359,-29.836,47.7,1.0,0.0,0.0,0.0,1.0,0.0,0.0,0.0,1.0,0.015
3.8724292516837826,-29.742648787288594,47.80634948283578,1.0,0.0,0.0,0.0,1.0,0.0,0.0,0.0,1.0,0.015
4.3825,-29.678,47.88,1.0,0.0,0.0,0.0,1.0,0.0,0.0,0.0,1.0,0.015
5.11457557666676,-29.55450028612208,47.98636338994271,1.0,0.0,0.0,0.0,1.0,0.0,0.0,0.0,1.0,0.015
5.6214,-29.469,48.06,1.0,0.0,0.0,0.0,1.0,0.0,0.0,0.0,1.0,0.015
6.347509682586715,-29.31421948023943,48.16633776166757,1.0,0.0,0.0,0.0,1.0,0.0,0.0,0.0,1.0,0.015
6.8505,-29.207,48.24,1.0,0.0,0.0,0.0,1.0,0.0,0.0,0.0,1.0,0.015
7.569666512420124,-29.022643782864943,48.34635935603946,1.0,0.0,0.0,0.0,1.0,0.0,0.0,0.0,1.0,0.015
8.0676,-28.895,48.42,1.0,0.0,0.0,0.0,1.0,0.0,0.0,0.0,1.0,0.015
8.778362485367662,-28.680512692502734,48.52635734256063,1.0,0.0,0.0,0.0,1.0,0.0,0.0,0.0,1.0,0.015
9.2705,-28.532,48.6,1.0,0.0,0.0,0.0,1.0,0.0,0.0,0.0,1.0,0.015
9.971476255583227,-28.287411572008885,48.70634279477875,1.0,0.0,0.0,0.0,1.0,0.0,0.0,0.0,1.0,0.015
10.457,-28.118,48.78,1.0,0.0,0.0,0.0,1.0,0.0,0.0,0.0,1.0,0.015
11.147370136774267,-27.844925510967713,48.88639265806453,1.0,0.0,0.0,0.0,1.0,0.0,0.0,0.0,1.0,0.015
11.625,-27.656,48.96,1.0,0.0,0.0,0.0,1.0,0.0,0.0,0.0,1.0,0.015
12.303262963203217,-27.354090266379057,49.06634785137333,1.0,0.0,0.0,0.0,1.0,0.0,0.0,0.0,1.0,0.015
12.773,-27.145,49.14,1.0,0.0,0.0,0.0,1.0,0.0,0.0,0.0,1.0,0.015
13.437990109645211,-26.81486725462551,49.24630392516531,1.0,0.0,0.0,0.0,1.0,0.0,0.0,0.0,1.0,0.015
13.899,-26.586,49.32,1.0,0.0,0.0,0.0,1.0,0.0,0.0,0.0,1.0,0.015
14.549655686313823,-26.22846440488659,49.426374226645315,1.0,0.0,0.0,0.0,1.0,0.0,0.0,0.0,1.0,0.015
15.0,-25.981,49.5,1.0,0.0,0.0,0.0,1.0,0.0,0.0,0.0,1.0,0.015
15.635053990192832,-25.596423118497178,49.606334621613684,1.0,0.0,0.0,0.0,1.0,0.0,0.0,0.0,1.0,0.015
16.075,-25.33,49.68,1.0,0.0,0.0,0.0,1.0,0.0,0.0,0.0,1.0,0.015
16.693093737912065,-24.91872539045239,49.78636412315886,1.0,0.0,0.0,0.0,1.0,0.0,0.0,0.0,1.0,0.015
17.121,-24.634,49.86,1.0,0.0,0.0,0.0,1.0,0.0,0.0,0.0,1.0,0.015
17.721882513394032,-24.197961361961855,49.96635088732638,1.0,0.0,0.0,0.0,1.0,0.0,0.0,0.0,1.0,0.015
18.138,-23.896,50.04,1.0,0.0,0.0,0.0,1.0,0.0,0.0,0.0,1.0,0.015
18.719749543756013,-23.434734625712238,50.14630956129551,1.0,0.0,0.0,0.0,1.0,0.0,0.0,0.0,1.0,0.015
19.123,-23.115,50.22,1.0,0.0,0.0,0.0,1.0,0.0,0.0,0.0,1.0,0.015
19.68497281580257,-22.629847863539528,50.326367094473675,1.0,0.0,0.0,0.0,1.0,0.0,0.0,0.0,1.0,0.015
20.074,-22.294,50.4,1.0,0.0,0.0,0.0,1.0,0.0,0.0,0.0,1.0,0.015
20.61525437364313,-21.785835413391823,50.5063600297552,1.0,0.0,0.0,0.0,1.0,0.0,0.0,0.0,1.0,0.015
20.99,-21.434,50.58,1.0,0.0,0.0,0.0,1.0,0.0,0.0,0.0,1.0,0.015
21.50932878475759,-20.903445678370517,50.68634719141794,1.0,0.0,0.0,0.0,1.0,0.0,0.0,0.0,1.0,0.015
21.869,-20.536,50.76,1.0,0.0,0.0,0.0,1.0,0.0,0.0,0.0,1.0,0.015
22.366074396369836,-19.984548856345953,50.86638928816477,1.0,0.0,0.0,0.0,1.0,0.0,0.0,0.0,1.0,0.015
22.71,-19.603,50.94,1.0,0.0,0.0,0.0,1.0,0.0,0.0,0.0,1.0,0.015
23.18302240464156,-19.030766903748226,51.046297169582374,1.0,0.0,0.0,0.0,1.0,0.0,0.0,0.0,1.0,0.015
23.511,-18.634,51.12,1.0,0.0,0.0,0.0,1.0,0.0,0.0,0.0,1.0,0.015
23.960222931556288,-18.042917195320676,51.22639490484227,1.0,0.0,0.0,0.0,1.0,0.0,0.0,0.0,1.0,0.015
24.271,-17.634,51.3,1.0,0.0,0.0,0.0,1.0,0.0,0.0,0.0,1.0,0.015
24.694607374851675,-17.024288966740684,51.40634494766151,1.0,0.0,0.0,0.0,1.0,0.0,0.0,0.0,1.0,0.015
24.988,-16.602,51.48,1.0,0.0,0.0,0.0,1.0,0.0,0.0,0.0,1.0,0.015
25.38566907398687,-15.975065546062307,51.586360227812236,1.0,0.0,0.0,0.0,1.0,0.0,0.0,0.0,1.0,0.015
25.661,-15.541,51.66,1.0,0.0,0.0,0.0,1.0,0.0,0.0,0.0,1.0,0.015
26.032139148727822,-14.898007334688105,51.76637746301116,1.0,0.0,0.0,0.0,1.0,0.0,0.0,0.0,1.0,0.015
26.289,-14.453,51.84,1.0,0.0,0.0,0.0,1.0,0.0,0.0,0.0,1.0,0.015
26.63278392457331,-13.794966852277202,51.94632492512577,1.0,0.0,0.0,0.0,1.0,0.0,0.0,0.0,1.0,0.015
26.871,-13.339,52.02,1.0,0.0,0.0,0.0,1.0,0.0,0.0,0.0,1.0,0.015
27.187092487587375,-12.667229610491878,52.126348874328464,1.0,0.0,0.0,0.0,1.0,0.0,0.0,0.0,1.0,0.015
27.406,-12.202,52.2,1.0,0.0,0.0,0.0,1.0,0.0,0.0,0.0,1.0,0.015
27.693809689273156,-11.517639383617427,52.3063772978833,1.0,0.0,0.0,0.0,1.0,0.0,0.0,0.0,1.0,0.015
27.893,-11.044,52.38,1.0,0.0,0.0,0.0,1.0,0.0,0.0,0.0,1.0,0.015
28.15173939258208,-10.3481209943797,52.486331257225515,1.0,0.0,0.0,0.0,1.0,0.0,0.0,0.0,1.0,0.015
28.331,-9.866,52.56,1.0,0.0,0.0,0.0,1.0,0.0,0.0,0.0,1.0,0.015
28.56080663534938,-9.160038742307176,52.66633726057298,1.0,0.0,0.0,0.0,1.0,0.0,0.0,0.0,1.0,0.015
28.72,-8.671,52.74,1.0,0.0,0.0,0.0,1.0,0.0,0.0,0.0,1.0,0.015
28.919145737710867,-7.955789061271622,52.846368643287704,1.0,0.0,0.0,0.0,1.0,0.0,0.0,0.0,1.0,0.015
29.057,-7.4607,52.92,1.0,0.0,0.0,0.0,1.0,0.0,0.0,0.0,1.0,0.015
29.226575901926378,-6.737904875168854,53.0263542242047,1.0,0.0,0.0,0.0,1.0,0.0,0.0,0.0,1.0,0.015
29.344,-6.2374,53.1,1.0,0.0,0.0,0.0,1.0,0.0,0.0,0.0,1.0,0.015
29.483426603831553,-5.508187046147085,53.206342324956275,1.0,0.0,0.0,0.0,1.0,0.0,0.0,0.0,1.0,0.015
29.58,-5.0031,53.28,1.0,0.0,0.0,0.0,1.0,0.0,0.0,0.0,1.0,0.015
29.688128313968694,-4.268595589647629,53.38635571865773,1.0,0.0,0.0,0.0,1.0,0.0,0.0,0.0,1.0,0.015
29.763,-3.76,53.46,1.0,0.0,0.0,0.0,1.0,0.0,0.0,0.0,1.0,0.015
29.84098481682305,-3.0216846546684577,53.56634293203143,1.0,0.0,0.0,0.0,1.0,0.0,0.0,0.0,1.0,0.015
29.895,-2.5103,53.64,1.0,0.0,0.0,0.0,1.0,0.0,0.0,0.0,1.0,0.015
29.941678772116266,-1.7693483514709252,53.74635669596111,1.0,0.0,0.0,0.0,1.0,0.0,0.0,0.0,1.0,0.015
29.974,-1.2563,53.82,1.0,0.0,0.0,0.0,1.0,0.0,0.0,0.0,1.0,0.015
29.989361639011836,-0.5140374195949022,53.926349808543485,1.0,0.0,0.0,0.0,1.0,0.0,0.0,0.0,1.0,0.015
30.0,-2.4660273822973977E-12,54.0,1.0,0.0,0.0,0.0,1.0,0.0,0.0,0.0,1.0,0.015
29.98463836098822,0.7422625804026913,54.10634980854307,1.0,0.0,0.0,0.0,1.0,0.0,0.0,0.0,1.0,0.015
29.974,1.2563,54.18,1.0,0.0,0.0,0.0,1.0,0.0,0.0,0.0,1.0,0.015
29.927321227883734,1.9972516485290748,54.28635669596111,1.0,0.0,0.0,0.0,1.0,0.0,0.0,0.0,1.0,0.015
29.895,2.5103,54.36,1.0,0.0,0.0,0.0,1.0,0.0,0.0,0.0,1.0,0.015
29.817015183176952,3.248615345331542,54.46634293203143,1.0,0.0,0.0,0.0,1.0,0.0,0.0,0.0,1.0,0.015
29.763,3.76,54.54,1.0,0.0,0.0,0.0,1.0,0.0,0.0,0.0,1.0,0.015
29.654871686031306,4.494504410352371,54.64635571865773,1.0,0.0,0.0,0.0,1.0,0.0,0.0,0.0,1.0,0.015
29.58,5.0031,54.72,1.0,0.0,0.0,0.0,1.0,0.0,0.0,0.0,1.0,0.015
29.440573396168446,5.732312953852915,54.82634232495627,1.0,0.0,0.0,0.0,1.0,0.0,0.0,0.0,1.0,0.015
29.344,6.2374,54.9,1.0,0.0,0.0,0.0,1.0,0.0,0.0,0.0,1.0,0.015
29.174424098073622,6.960195124831146,55.0063542242047,1.0,0.0,0.0,0.0,1.0,0.0,0.0,0.0,1.0,0.015
29.057,7.4607,55.08,1.0,0.0,0.0,0.0,1.0,0.0,0.0,0.0,1.0,0.015
28.85785426228913,8.175910938728379,55.1863686432877,1.0,0.0,0.0,0.0,1.0,0.0,0.0,0.0,1.0,0.015
28.72,8.671,55.26,1.0,0.0,0.0,0.0,1.0,0.0,0.0,0.0,1.0,0.015
28.49019336465062,9.376961257692823,55.366337260572976,1.0,0.0,0.0,0.0,1.0,0.0,0.0,0.0,1.0,0.015
28.331,9.866,55.44,1.0,0.0,0.0,0.0,1.0,0.0,0.0,0.0,1.0,0.015
28.07226060741792,10.5618790056203,55.54633125722551,1.0,0.0,0.0,0.0,1.0,0.0,0.0,0.0,1.0,0.015
27.893,11.044,55.62,1.0,0.0,0.0,0.0,1.0,0.0,0.0,0.0,1.0,0.015
27.605190310726844,11.728360616382574,55.726377297883296,1.0,0.0,0.0,0.0,1.0,0.0,0.0,0.0,1.0,0.015
27.406,12.202,55.8,1.0,0.0,0.0,0.0,1.0,0.0,0.0,0.0,1.0,0.015
27.089907512412623,12.873770389508122,55.90634887432846,1.0,0.0,0.0,0.0,1.0,0.0,0.0,0.0,1.0,0.015
26.871,13.339,55.98,1.0,0.0,0.0,0.0,1.0,0.0,0.0,0.0,1.0,0.015
26.52721607542669,13.997033147722798,56.086324925125766,1.0,0.0,0.0,0.0,1.0,0.0,0.0,0.0,1.0,0.015
26.289,14.453,56.16,1.0,0.0,0.0,0.0,1.0,0.0,0.0,0.0,1.0,0.015
25.91786085127218,15.095992665311895,56.26637746301116,1.0,0.0,0.0,0.0,1.0,0.0,0.0,0.0,1.0,0.015
25.661,15.541,56.34,1.0,0.0,0.0,0.0,1.0,0.0,0.0,0.0,1.0,0.015
25.263330926013133,16.167934453937693,56.44636022781224,1.0,0.0,0.0,0.0,1.0,0.0,0.0,0.0,1.0,0.015
24.988,16.602,56.52,1.0,0.0,0.0,0.0,1.0,0.0,0.0,0.0,1.0,0.015
24.564392625148326,17.211711033259316,56.626344947661515,1.0,0.0,0.0,0.0,1.0,0.0,0.0,0.0,1.0,0.015
24.271,17.634,56.7,1.0,0.0,0.0,0.0,1.0,0.0,0.0,0.0,1.0,0.015
23.821777068443712,18.225082804679325,56.80639490484228,1.0,0.0,0.0,0.0,1.0,0.0,0.0,0.0,1.0,0.015
23.511,18.634,56.88,1.0,0.0,0.0,0.0,1.0,0.0,0.0,0.0,1.0,0.015
23.03797759535844,19.206233096251776,56.98629716958238,1.0,0.0,0.0,0.0,1.0,0.0,0.0,0.0,1.0,0.015
22.71,19.603,57.06,1.0,0.0,0.0,0.0,1.0,0.0,0.0,0.0,1.0,0.015
22.212925603630165,20.15445114365405,57.16638928816477,1.0,0.0,0.0,0.0,1.0,0.0,0.0,0.0,1.0,0.015
21.869,20.536,57.24,1.0,0.0,0.0,0.0,1.0,0.0,0.0,0.0,1.0,0.015
21.34967121524241,21.066554321629486,57.34634719141794,1.0,0.0,0.0,0.0,1.0,0.0,0.0,0.0,1.0,0.015
20.99,21.434,57.42,1.0,0.0,0.0,0.0,1.0,0.0,0.0,0.0,1.0,0.015
20.44874562635687,21.94216458660818,57.5263600297552,1.0,0.0,0.0,0.0,1.0,0.0,0.0,0.0,1.0,0.015
20.074,22.294,57.6,1.0,0.0,0.0,0.0,1.0,0.0,0.0,0.0,1.0,0.015
19.512027184197432,22.77915213646047,57.70636709447368,1.0,0.0,0.0,0.0,1.0,0.0,0.0,0.0,1.0,0.015
19.123,23.115,57.78,1.0,0.0,0.0,0.0,1.0,0.0,0.0,0.0,1.0,0.015
18.54125045624399,23.57626537428776,57.88630956129551,1.0,0.0,0.0,0.0,1.0,0.0,0.0,0.0,1.0,0.015
18.138,23.896,57.96,1.0,0.0,0.0,0.0,1.0,0.0,0.0,0.0,1.0,0.015
17.53711748660597,24.332038638038146,58.06635088732638,1.0,0.0,0.0,0.0,1.0,0.0,0.0,0.0,1.0,0.015
17.121,24.634,58.14,1.0,0.0,0.0,0.0,1.0,0.0,0.0,0.0,1.0,0.015
16.502906262087933,25.045274609547608,58.24636412315886,1.0,0.0,0.0,0.0,1.0,0.0,0.0,0.0,1.0,0.015
16.075,25.33,58.32,1.0,0.0,0.0,0.0,1.0,0.0,0.0,0.0,1.0,0.015
15.439946009807167,25.714576881502822,58.426334621613684,1.0,0.0,0.0,0.0,1.0,0.0,0.0,0.0,1.0,0.015
15.0,25.981,58.5,1.0,0.0,0.0,0.0,1.0,0.0,0.0,0.0,1.0,0.015
14.349344313686176,26.33853559511341,58.606374226645315,1.0,0.0,0.0,0.0,1.0,0.0,0.0,0.0,1.0,0.015
13.899,26.586,58.68,1.0,0.0,0.0,0.0,1.0,0.0,0.0,0.0,1.0,0.015
13.234009890354788,26.916132745374487,58.786303925165306,1.0,0.0,0.0,0.0,1.0,0.0,0.0,0.0,1.0,0.015
12.773,27.145,58.86,1.0,0.0,0.0,0.0,1.0,0.0,0.0,0.0,1.0,0.015
12.094737036796783,27.44690973362094,58.96634785137333,1.0,0.0,0.0,0.0,1.0,0.0,0.0,0.0,1.0,0.015
11.625,27.656,59.04,1.0,0.0,0.0,0.0,1.0,0.0,0.0,0.0,1.0,0.015
10.934629863225734,27.929074489032285,59.14639265806453,1.0,0.0,0.0,0.0,1.0,0.0,0.0,0.0,1.0,0.015
10.457,28.118,59.22,1.0,0.0,0.0,0.0,1.0,0.0,0.0,0.0,1.0,0.015
9.756023744416774,28.362588427991113,59.326342794778746,1.0,0.0,0.0,0.0,1.0,0.0,0.0,0.0,1.0,0.015
9.2705,28.532,59.4,1.0,0.0,0.0,0.0,1.0,0.0,0.0,0.0,1.0,0.015
8.559737514632339,28.746487307497265,59.50635734256063,1.0,0.0,0.0,0.0,1.0,0.0,0.0,0.0,1.0,0.015
8.0676,28.895,59.58,1.0,0.0,0.0,0.0,1.0,0.0,0.0,0.0,1.0,0.015
7.348433487579877,29.079356217135057,59.68635935603945,1.0,0.0,0.0,0.0,1.0,0.0,0.0,0.0,1.0,0.015
6.8505,29.207,59.76,1.0,0.0,0.0,0.0,1.0,0.0,0.0,0.0,1.0,0.015
6.124390317413287,29.361780519760572,59.866337761667566,1.0,0.0,0.0,0.0,1.0,0.0,0.0,0.0,1.0,0.015
5.6214,29.469,59.94,1.0,0.0,0.0,0.0,1.0,0.0,0.0,0.0,1.0,0.015
4.889324423333241,29.59249971387792,60.046363389942705,1.0,0.0,0.0,0.0,1.0,0.0,0.0,0.0,1.0,0.015
4.3825,29.678,60.12,1.0,0.0,0.0,0.0,1.0,0.0,0.0,0.0,1.0,0.015
3.6459707483162176,29.771351212711405,60.22634948283577,1.0,0.0,0.0,0.0,1.0,0.0,0.0,0.0,1.0,0.015
3.1359,29.836,60.3,1.0,0.0,0.0,0.0,1.0,0.0,0.0,0.0,1.0,0.015
2.3960745583310956,29.89803615347008,60.406347691662994,1.0,0.0,0.0,0.0,1.0,0.0,0.0,0.0,1.0,0.015
1.8837,29.941,60.48,1.0,0.0,0.0,0.0,1.0,0.0,0.0,0.0,1.0,0.015
1.1419152584666254,29.971724776817293,60.58635499667525,1.0,0.0,0.0,0.0,1.0,0.0,0.0,0.0,1.0,0.015
0.6282699999999999,29.993,60.66,1.0,0.0,0.0,0.0,1.0,0.0,0.0,0.0,1.0,0.015
-0.11415117856416135,29.993,60.76635221492475,1.0,0.0,0.0,0.0,1.0,0.0,0.0,0.0,1.0,0.015
-0.62827,29.993,60.84,1.0,0.0,0.0,0.0,1.0,0.0,0.0,0.0,1.0,0.015
-1.3700547415333744,29.962275223182704,60.946354996675254,1.0,0.0,0.0,0.0,1.0,0.0,0.0,0.0,1.0,0.015
-1.8837000000000002,29.941,61.02,1.0,0.0,0.0,0.0,1.0,0.0,0.0,0.0,1.0,0.015
-2.623525441668904,29.878963846529917,61.126347691663,1.0,0.0,0.0,0.0,1.0,0.0,0.0,0.0,1.0,0.015
-3.1359,29.836,61.2,1.0,0.0,0.0,0.0,1.0,0.0,0.0,0.0,1.0,0.015
-3.8724292516837826,29.742648787288594,61.30634948283578,1.0,0.0,0.0,0.0,1.0,0.0,0.0,0.0,1.0,0.015
-4.3825,29.678,61.38,1.0,0.0,0.0,0.0,1.0,0.0,0.0,0.0,1.0,0.015
-5.11457557666676,29.55450028612208,61.48636338994271,1.0,0.0,0.0,0.0,1.0,0.0,0.0,0.0,1.0,0.015
-5.6214,29.469,61.56,1.0,0.0,0.0,0.0,1.0,0.0,0.0,0.0,1.0,0.015
-6.347509682586715,29.31421948023943,61.66633776166757,1.0,0.0,0.0,0.0,1.0,0.0,0.0,0.0,1.0,0.015
-6.8505,29.207,61.74,1.0,0.0,0.0,0.0,1.0,0.0,0.0,0.0,1.0,0.015
-7.569666512420124,29.022643782864943,61.84635935603946,1.0,0.0,0.0,0.0,1.0,0.0,0.0,0.0,1.0,0.015
-8.0676,28.895,61.92,1.0,0.0,0.0,0.0,1.0,0.0,0.0,0.0,1.0,0.015
-8.778362485367662,28.680512692502734,62.02635734256063,1.0,0.0,0.0,0.0,1.0,0.0,0.0,0.0,1.0,0.015
-9.2705,28.532,62.1,1.0,0.0,0.0,0.0,1.0,0.0,0.0,0.0,1.0,0.015
-9.971476255583227,28.287411572008885,62.20634279477875,1.0,0.0,0.0,0.0,1.0,0.0,0.0,0.0,1.0,0.015
-10.457,28.118,62.28,1.0,0.0,0.0,0.0,1.0,0.0,0.0,0.0,1.0,0.015
-11.147370136774267,27.844925510967713,62.38639265806453,1.0,0.0,0.0,0.0,1.0,0.0,0.0,0.0,1.0,0.015
-11.625,27.656,62.46,1.0,0.0,0.0,0.0,1.0,0.0,0.0,0.0,1.0,0.015
-12.303262963203217,27.354090266379057,62.56634785137333,1.0,0.0,0.0,0.0,1.0,0.0,0.0,0.0,1.0,0.015
-12.773,27.145,62.64,1.0,0.0,0.0,0.0,1.0,0.0,0.0,0.0,1.0,0.015
-13.437990109645211,26.81486725462551,62.74630392516531,1.0,0.0,0.0,0.0,1.0,0.0,0.0,0.0,1.0,0.015
-13.899,26.586,62.82,1.0,0.0,0.0,0.0,1.0,0.0,0.0,0.0,1.0,0.015
-14.549655686313823,26.22846440488659,62.926374226645315,1.0,0.0,0.0,0.0,1.0,0.0,0.0,0.0,1.0,0.015
-15.0,25.981,63.0,1.0,0.0,0.0,0.0,1.0,0.0,0.0,0.0,1.0,0.015
-15.635053990192832,25.596423118497178,63.106334621613684,1.0,0.0,0.0,0.0,1.0,0.0,0.0,0.0,1.0,0.015
-16.075,25.33,63.18,1.0,0.0,0.0,0.0,1.0,0.0,0.0,0.0,1.0,0.015
-16.693093737912065,24.91872539045239,63.28636412315886,1.0,0.0,0.0,0.0,1.0,0.0,0.0,0.0,1.0,0.015
-17.121,24.634,63.36,1.0,0.0,0.0,0.0,1.0,0.0,0.0,0.0,1.0,0.015
-17.721882513394032,24.197961361961855,63.46635088732638,1.0,0.0,0.0,0.0,1.0,0.0,0.0,0.0,1.0,0.015
-18.138,23.896,63.54,1.0,0.0,0.0,0.0,1.0,0.0,0.0,0.0,1.0,0.015
-18.719749543756013,23.434734625712238,63.64630956129551,1.0,0.0,0.0,0.0,1.0,0.0,0.0,0.0,1.0,0.015
-19.123,23.115,63.72,1.0,0.0,0.0,0.0,1.0,0.0,0.0,0.0,1.0,0.015
-19.68497281580257,22.629847863539528,63.826367094473675,1.0,0.0,0.0,0.0,1.0,0.0,0.0,0.0,1.0,0.015
-20.074,22.294,63.9,1.0,0.0,0.0,0.0,1.0,0.0,0.0,0.0,1.0,0.015
-20.61525437364313,21.785835413391823,64.0063600297552,1.0,0.0,0.0,0.0,1.0,0.0,0.0,0.0,1.0,0.015
-20.99,21.434,64.08,1.0,0.0,0.0,0.0,1.0,0.0,0.0,0.0,1.0,0.015
-21.50932878475759,20.903445678370517,64.18634719141794,1.0,0.0,0.0,0.0,1.0,0.0,0.0,0.0,1.0,0.015
-21.869,20.536,64.26,1.0,0.0,0.0,0.0,1.0,0.0,0.0,0.0,1.0,0.015
-22.366074396369836,19.984548856345953,64.36638928816477,1.0,0.0,0.0,0.0,1.0,0.0,0.0,0.0,1.0,0.015
-22.71,19.603,64.44,1.0,0.0,0.0,0.0,1.0,0.0,0.0,0.0,1.0,0.015
-23.18302240464156,19.030766903748226,64.54629716958237,1.0,0.0,0.0,0.0,1.0,0.0,0.0,0.0,1.0,0.015
-23.511,18.634,64.62,1.0,0.0,0.0,0.0,1.0,0.0,0.0,0.0,1.0,0.015
-23.960222931556288,18.042917195320676,64.72639490484228,1.0,0.0,0.0,0.0,1.0,0.0,0.0,0.0,1.0,0.015
-24.271,17.634,64.8,1.0,0.0,0.0,0.0,1.0,0.0,0.0,0.0,1.0,0.015
-24.694607374851675,17.024288966740684,64.90634494766151,1.0,0.0,0.0,0.0,1.0,0.0,0.0,0.0,1.0,0.015
-24.988,16.602,64.98,1.0,0.0,0.0,0.0,1.0,0.0,0.0,0.0,1.0,0.015
-25.38566907398687,15.975065546062305,65.08636022781224,1.0,0.0,0.0,0.0,1.0,0.0,0.0,0.0,1.0,0.015
-25.661,15.541,65.16,1.0,0.0,0.0,0.0,1.0,0.0,0.0,0.0,1.0,0.015
-26.032139148727822,14.898007334688105,65.26637746301115,1.0,0.0,0.0,0.0,1.0,0.0,0.0,0.0,1.0,0.015
-26.289,14.453,65.34,1.0,0.0,0.0,0.0,1.0,0.0,0.0,0.0,1.0,0.015
-26.63278392457331,13.794966852277202,65.44632492512577,1.0,0.0,0.0,0.0,1.0,0.0,0.0,0.0,1.0,0.015
-26.871,13.339,65.52,1.0,0.0,0.0,0.0,1.0,0.0,0.0,0.0,1.0,0.015
-27.187092487587375,12.667229610491878,65.62634887432846,1.0,0.0,0.0,0.0,1.0,0.0,0.0,0.0,1.0,0.015
-27.406,12.202,65.7,1.0,0.0,0.0,0.0,1.0,0.0,0.0,0.0,1.0,0.015
-27.693809689273156,11.517639383617425,65.8063772978833,1.0,0.0,0.0,0.0,1.0,0.0,0.0,0.0,1.0,0.015
-27.893,11.044,65.88,1.0,0.0,0.0,0.0,1.0,0.0,0.0,0.0,1.0,0.015
-28.15173939258208,10.3481209943797,65.98633125722552,1.0,0.0,0.0,0.0,1.0,0.0,0.0,0.0,1.0,0.015
-28.331,9.866,66.06,1.0,0.0,0.0,0.0,1.0,0.0,0.0,0.0,1.0,0.015
-28.56080663534938,9.160038742307176,66.16633726057297,1.0,0.0,0.0,0.0,1.0,0.0,0.0,0.0,1.0,0.015
-28.72,8.671,66.24,1.0,0.0,0.0,0.0,1.0,0.0,0.0,0.0,1.0,0.015
-28.919145737710867,7.955789061271622,66.3463686432877,1.0,0.0,0.0,0.0,1.0,0.0,0.0,0.0,1.0,0.015
-29.057,7.4607,66.42,1.0,0.0,0.0,0.0,1.0,0.0,0.0,0.0,1.0,0.015
-29.226575901926378,6.737904875168853,66.5263542242047,1.0,0.0,0.0,0.0,1.0,0.0,0.0,0.0,1.0,0.015
-29.344,6.2374,66.6,1.0,0.0,0.0,0.0,1.0,0.0,0.0,0.0,1.0,0.015
-29.483426603831553,5.508187046147086,66.70634232495627,1.0,0.0,0.0,0.0,1.0,0.0,0.0,0.0,1.0,0.015
-29.58,5.0031,66.78,1.0,0.0,0.0,0.0,1.0,0.0,0.0,0.0,1.0,0.015
-29.688128313968694,4.268595589647628,66.88635571865773,1.0,0.0,0.0,0.0,1.0,0.0,0.0,0.0,1.0,0.015
-29.763,3.76,66.96,1.0,0.0,0.0,0.0,1.0,0.0,0.0,0.0,1.0,0.015
-29.84098481682305,3.021684654668458,67.06634293203143,1.0,0.0,0.0,0.0,1.0,0.0,0.0,0.0,1.0,0.015
-29.895,2.5103,67.14,1.0,0.0,0.0,0.0,1.0,0.0,0.0,0.0,1.0,0.015
-29.941678772116266,1.7693483514709247,67.24635669596111,1.0,0.0,0.0,0.0,1.0,0.0,0.0,0.0,1.0,0.015
-29.974,1.2563,67.32,1.0,0.0,0.0,0.0,1.0,0.0,0.0,0.0,1.0,0.015
-29.989361639011857,0.5140374195949254,67.42634980854363,1.0,0.0,0.0,0.0,1.0,0.0,0.0,0.0,1.0,0.015
-30.0,4.334976821951386E-12,67.5,1.0,0.0,0.0,0.0,1.0,0.0,0.0,0.0,1.0,0.015
-29.984638360988246,-0.7422625804008447,67.60634980854293,1.0,0.0,0.0,0.0,1.0,0.0,0.0,0.0,1.0,0.015
-29.974,-1.2563,67.68,1.0,0.0,0.0,0.0,1.0,0.0,0.0,0.0,1.0,0.015
-29.927321227883734,-1.9972516485290752,67.78635669596112,1.0,0.0,0.0,0.0,1.0,0.0,0.0,0.0,1.0,0.015
-29.895,-2.5103,67.86,1.0,0.0,0.0,0.0,1.0,0.0,0.0,0.0,1.0,0.015
-29.817015183176952,-3.2486153453315416,67.96634293203144,1.0,0.0,0.0,0.0,1.0,0.0,0.0,0.0,1.0,0.015
-29.763,-3.76,68.04,1.0,0.0,0.0,0.0,1.0,0.0,0.0,0.0,1.0,0.015
-29.654871686031306,-4.494504410352372,68.14635571865773,1.0,0.0,0.0,0.0,1.0,0.0,0.0,0.0,1.0,0.015
-29.58,-5.0031,68.22,1.0,0.0,0.0,0.0,1.0,0.0,0.0,0.0,1.0,0.015
-29.440573396168446,-5.732312953852915,68.32634232495627,1.0,0.0,0.0,0.0,1.0,0.0,0.0,0.0,1.0,0.015
-29.344,-6.2374,68.4,1.0,0.0,0.0,0.0,1.0,0.0,0.0,0.0,1.0,0.015
-29.174424098073622,-6.960195124831147,68.5063542242047,1.0,0.0,0.0,0.0,1.0,0.0,0.0,0.0,1.0,0.015
-29.057,-7.4607,68.58,1.0,0.0,0.0,0.0,1.0,0.0,0.0,0.0,1.0,0.015
-28.85785426228913,-8.175910938728377,68.68636864328771,1.0,0.0,0.0,0.0,1.0,0.0,0.0,0.0,1.0,0.015
-28.72,-8.671,68.76,1.0,0.0,0.0,0.0,1.0,0.0,0.0,0.0,1.0,0.015
-28.49019336465062,-9.376961257692823,68.86633726057298,1.0,0.0,0.0,0.0,1.0,0.0,0.0,0.0,1.0,0.015
-28.331,-9.866,68.94,1.0,0.0,0.0,0.0,1.0,0.0,0.0,0.0,1.0,0.015
-28.07226060741792,-10.5618790056203,69.04633125722552,1.0,0.0,0.0,0.0,1.0,0.0,0.0,0.0,1.0,0.015
-27.893,-11.044,69.12,1.0,0.0,0.0,0.0,1.0,0.0,0.0,0.0,1.0,0.015
-27.605190310726844,-11.728360616382576,69.2263772978833,1.0,0.0,0.0,0.0,1.0,0.0,0.0,0.0,1.0,0.015
-27.406,-12.202,69.3,1.0,0.0,0.0,0.0,1.0,0.0,0.0,0.0,1.0,0.015
-27.089907512412623,-12.873770389508122,69.40634887432846,1.0,0.0,0.0,0.0,1.0,0.0,0.0,0.0,1.0,0.015
-26.871,-13.339,69.48,1.0,0.0,0.0,0.0,1.0,0.0,0.0,0.0,1.0,0.015
-26.52721607542669,-13.9970331477228,69.58632492512577,1.0,0.0,0.0,0.0,1.0,0.0,0.0,0.0,1.0,0.015
-26.289,-14.453,69.66,1.0,0.0,0.0,0.0,1.0,0.0,0.0,0.0,1.0,0.015
-25.91786085127218,-15.095992665311895,69.76637746301115,1.0,0.0,0.0,0.0,1.0,0.0,0.0,0.0,1.0,0.015
-25.661,-15.541,69.84,1.0,0.0,0.0,0.0,1.0,0.0,0.0,0.0,1.0,0.015
-25.263330926013133,-16.167934453937693,69.94636022781224,1.0,0.0,0.0,0.0,1.0,0.0,0.0,0.0,1.0,0.015
-24.988,-16.602,70.02,1.0,0.0,0.0,0.0,1.0,0.0,0.0,0.0,1.0,0.015
-24.564392625148326,-17.211711033259316,70.12634494766151,1.0,0.0,0.0,0.0,1.0,0.0,0.0,0.0,1.0,0.015
-24.271,-17.634,70.2,1.0,0.0,0.0,0.0,1.0,0.0,0.0,0.0,1.0,0.015
-23.821777068443712,-18.225082804679325,70.30639490484228,1.0,0.0,0.0,0.0,1.0,0.0,0.0,0.0,1.0,0.015
-23.511,-18.634,70.38,1.0,0.0,0.0,0.0,1.0,0.0,0.0,0.0,1.0,0.015
-23.03797759535844,-19.206233096251776,70.48629716958237,1.0,0.0,0.0,0.0,1.0,0.0,0.0,0.0,1.0,0.015
-22.71,-19.603,70.56,1.0,0.0,0.0,0.0,1.0,0.0,0.0,0.0,1.0,0.015
-22.212925603630165,-20.15445114365405,70.66638928816477,1.0,0.0,0.0,0.0,1.0,0.0,0.0,0.0,1.0,0.015
-21.869,-20.536,70.74,1.0,0.0,0.0,0.0,1.0,0.0,0.0,0.0,1.0,0.015
-21.34967121524241,-21.066554321629482,70.84634719141793,1.0,0.0,0.0,0.0,1.0,0.0,0.0,0.0,1.0,0.015
-20.99,-21.434,70.92,1.0,0.0,0.0,0.0,1.0,0.0,0.0,0.0,1.0,0.015
-20.44874562635687,-21.94216458660818,71.0263600297552,1.0,0.0,0.0,0.0,1.0,0.0,0.0,0.0,1.0,0.015
-20.074,-22.294,71.1,1.0,0.0,0.0,0.0,1.0,0.0,0.0,0.0,1.0,0.015
-19.512027184197432,-22.77915213646047,71.20636709447368,1.0,0.0,0.0,0.0,1.0,0.0,0.0,0.0,1.0,0.015
-19.123,-23.115,71.28,1.0,0.0,0.0,0.0,1.0,0.0,0.0,0.0,1.0,0.015
-18.54125045624399,-23.57626537428776,71.3863095612955,1.0,0.0,0.0,0.0,1.0,0.0,0.0,0.0,1.0,0.015
-18.138,-23.896,71.46,1.0,0.0,0.0,0.0,1.0,0.0,0.0,0.0,1.0,0.015
-17.53711748660597,-24.332038638038146,71.56635088732638,1.0,0.0,0.0,0.0,1.0,0.0,0.0,0.0,1.0,0.015
-17.121,-24.634,71.64,1.0,0.0,0.0,0.0,1.0,0.0,0.0,0.0,1.0,0.015
-16.502906262087933,-25.045274609547608,71.74636412315886,1.0,0.0,0.0,0.0,1.0,0.0,0.0,0.0,1.0,0.015
-16.075,-25.33,71.82,1.0,0.0,0.0,0.0,1.0,0.0,0.0,0.0,1.0,0.015
-15.439946009807167,-25.714576881502822,71.92633462161368,1.0,0.0,0.0,0.0,1.0,0.0,0.0,0.0,1.0,0.015
-15.0,-25.981,72.0,1.0,0.0,0.0,0.0,1.0,0.0,0.0,0.0,1.0,0.015
-14.349344313686176,-26.33853559511341,72.10637422664531,1.0,0.0,0.0,0.0,1.0,0.0,0.0,0.0,1.0,0.015
-13.899,-26.586,72.18,1.0,0.0,0.0,0.0,1.0,0.0,0.0,0.0,1.0,0.015
-13.234009890354786,-26.916132745374487,72.28630392516531,1.0,0.0,0.0,0.0,1.0,0.0,0.0,0.0,1.0,0.015
-12.773,-27.145,72.36,1.0,0.0,0.0,0.0,1.0,0.0,0.0,0.0,1.0,0.015
-12.094737036796785,-27.44690973362094,72.46634785137333,1.0,0.0,0.0,0.0,1.0,0.0,0.0,0.0,1.0,0.015
-11.625,-27.656,72.54,1.0,0.0,0.0,0.0,1.0,0.0,0.0,0.0,1.0,0.015
-10.934629863225732,-27.929074489032285,72.64639265806453,1.0,0.0,0.0,0.0,1.0,0.0,0.0,0.0,1.0,0.015
-10.457,-28.118,72.72,1.0,0.0,0.0,0.0,1.0,0.0,0.0,0.0,1.0,0.015
-9.756023744416774,-28.362588427991113,72.82634279477875,1.0,0.0,0.0,0.0,1.0,0.0,0.0,0.0,1.0,0.015
-9.2705,-28.532,72.9,1.0,0.0,0.0,0.0,1.0,0.0,0.0,0.0,1.0,0.015
-8.559737514632339,-28.746487307497265,73.00635734256063,1.0,0.0,0.0,0.0,1.0,0.0,0.0,0.0,1.0,0.015
-8.0676,-28.895,73.08,1.0,0.0,0.0,0.0,1.0,0.0,0.0,0.0,1.0,0.015
-7.348433487579878,-29.079356217135057,73.18635935603946,1.0,0.0,0.0,0.0,1.0,0.0,0.0,0.0,1.0,0.015
-6.8505,-29.207,73.26,1.0,0.0,0.0,0.0,1.0,0.0,0.0,0.0,1.0,0.015
-6.124390317413286,-29.361780519760572,73.36633776166757,1.0,0.0,0.0,0.0,1.0,0.0,0.0,0.0,1.0,0.015
-5.6214,-29.469,73.44,1.0,0.0,0.0,0.0,1.0,0.0,0.0,0.0,1.0,0.015
-4.889324423333242,-29.59249971387792,73.54636338994271,1.0,0.0,0.0,0.0,1.0,0.0,0.0,0.0,1.0,0.015
-4.3825,-29.678,73.62,1.0,0.0,0.0,0.0,1.0,0.0,0.0,0.0,1.0,0.015
-3.645970748316217,-29.771351212711405,73.72634948283577,1.0,0.0,0.0,0.0,1.0,0.0,0.0,0.0,1.0,0.015
-3.1359,-29.836,73.8,1.0,0.0,0.0,0.0,1.0,0.0,0.0,0.0,1.0,0.015
-2.3960745583310965,-29.89803615347008,73.906347691663,1.0,0.0,0.0,0.0,1.0,0.0,0.0,0.0,1.0,0.015
-1.8837,-29.941,73.98,1.0,0.0,0.0,0.0,1.0,0.0,0.0,0.0,1.0,0.015
-1.1419152584666248,-29.971724776817293,74.08635499667525,1.0,0.0,0.0,0.0,1.0,0.0,0.0,0.0,1.0,0.015
-0.6282699999999999,-29.993,74.16,1.0,0.0,0.0,0.0,1.0,0.0,0.0,0.0,1.0,0.015
0.11415117856416135,-29.993,74.26635221492475,1.0,0.0,0.0,0.0,1.0,0.0,0.0,0.0,1.0,0.015
0.62827,-29.993,74.34,1.0,0.0,0.0,0.0,1.0,0.0,0.0,0.0,1.0,0.015
1.3700547415333753,-29.962275223182704,74.44635499667525,1.0,0.0,0.0,0.0,1.0,0.0,0.0,0.0,1.0,0.015
1.8837000000000002,-29.941,74.52,1.0,0.0,0.0,0.0,1.0,0.0,0.0,0.0,1.0,0.015
2.6235254416689036,-29.878963846529917,74.626347691663,1.0,0.0,0.0,0.0,1.0,0.0,0.0,0.0,1.0,0.015
3.1359,-29.836,74.7,1.0,0.0,0.0,0.0,1.0,0.0,0.0,0.0,1.0,0.015
3.872429251683783,-29.742648787288594,74.80634948283577,1.0,0.0,0.0,0.0,1.0,0.0,0.0,0.0,1.0,0.015
4.3825,-29.678,74.88,1.0,0.0,0.0,0.0,1.0,0.0,0.0,0.0,1.0,0.015
5.114575576666759,-29.55450028612208,74.98636338994271,1.0,0.0,0.0,0.0,1.0,0.0,0.0,0.0,1.0,0.015
5.6214,-29.469,75.06,1.0,0.0,0.0,0.0,1.0,0.0,0.0,0.0,1.0,0.015
6.347509682586715,-29.31421948023943,75.16633776166756,1.0,0.0,0.0,0.0,1.0,0.0,0.0,0.0,1.0,0.015
6.8505,-29.207,75.24,1.0,0.0,0.0,0.0,1.0,0.0,0.0,0.0,1.0,0.015
7.569666512420123,-29.022643782864943,75.34635935603946,1.0,0.0,0.0,0.0,1.0,0.0,0.0,0.0,1.0,0.015
8.0676,-28.895,75.42,1.0,0.0,0.0,0.0,1.0,0.0,0.0,0.0,1.0,0.015
8.778362485367662,-28.680512692502734,75.52635734256063,1.0,0.0,0.0,0.0,1.0,0.0,0.0,0.0,1.0,0.015
9.2705,-28.532,75.6,1.0,0.0,0.0,0.0,1.0,0.0,0.0,0.0,1.0,0.015
9.971476255583227,-28.287411572008885,75.70634279477875,1.0,0.0,0.0,0.0,1.0,0.0,0.0,0.0,1.0,0.015
10.457,-28.118,75.78,1.0,0.0,0.0,0.0,1.0,0.0,0.0,0.0,1.0,0.015
11.147370136774269,-27.844925510967713,75.88639265806452,1.0,0.0,0.0,0.0,1.0,0.0,0.0,0.0,1.0,0.015
11.625,-27.656,75.96,1.0,0.0,0.0,0.0,1.0,0.0,0.0,0.0,1.0,0.015
12.303262963203215,-27.354090266379057,76.06634785137332,1.0,0.0,0.0,0.0,1.0,0.0,0.0,0.0,1.0,0.015
12.773,-27.145,76.14,1.0,0.0,0.0,0.0,1.0,0.0,0.0,0.0,1.0,0.015
13.437990109645213,-26.81486725462551,76.24630392516531,1.0,0.0,0.0,0.0,1.0,0.0,0.0,0.0,1.0,0.015
13.899,-26.586,76.32,1.0,0.0,0.0,0.0,1.0,0.0,0.0,0.0,1.0,0.015
14.549655686313823,-26.22846440488659,76.42637422664531,1.0,0.0,0.0,0.0,1.0,0.0,0.0,0.0,1.0,0.015
15.0,-25.981,76.5,1.0,0.0,0.0,0.0,1.0,0.0,0.0,0.0,1.0,0.015
15.635053990192832,-25.596423118497178,76.60633462161368,1.0,0.0,0.0,0.0,1.0,0.0,0.0,0.0,1.0,0.015
16.075,-25.33,76.68,1.0,0.0,0.0,0.0,1.0,0.0,0.0,0.0,1.0,0.015
16.693093737912065,-24.91872539045239,76.78636412315886,1.0,0.0,0.0,0.0,1.0,0.0,0.0,0.0,1.0,0.015
17.121,-24.634,76.86,1.0,0.0,0.0,0.0,1.0,0.0,0.0,0.0,1.0,0.015
17.721882513394032,-24.197961361961855,76.96635088732639,1.0,0.0,0.0,0.0,1.0,0.0,0.0,0.0,1.0,0.015
18.138,-23.896,77.04,1.0,0.0,0.0,0.0,1.0,0.0,0.0,0.0,1.0,0.015
18.719749543756013,-23.434734625712238,77.14630956129551,1.0,0.0,0.0,0.0,1.0,0.0,0.0,0.0,1.0,0.015
19.123,-23.115,77.22,1.0,0.0,0.0,0.0,1.0,0.0,0.0,0.0,1.0,0.015
19.68497281580257,-22.629847863539528,77.32636709447368,1.0,0.0,0.0,0.0,1.0,0.0,0.0,0.0,1.0,0.015
20.074,-22.294,77.4,1.0,0.0,0.0,0.0,1.0,0.0,0.0,0.0,1.0,0.015
20.61525437364313,-21.785835413391823,77.5063600297552,1.0,0.0,0.0,0.0,1.0,0.0,0.0,0.0,1.0,0.015
20.99,-21.434,77.58,1.0,0.0,0.0,0.0,1.0,0.0,0.0,0.0,1.0,0.015
21.50932878475759,-20.903445678370517,77.68634719141794,1.0,0.0,0.0,0.0,1.0,0.0,0.0,0.0,1.0,0.015
21.869,-20.536,77.76,1.0,0.0,0.0,0.0,1.0,0.0,0.0,0.0,1.0,0.015
22.366074396369836,-19.984548856345953,77.86638928816477,1.0,0.0,0.0,0.0,1.0,0.0,0.0,0.0,1.0,0.015
22.71,-19.603,77.94,1.0,0.0,0.0,0.0,1.0,0.0,0.0,0.0,1.0,0.015
23.18302240464156,-19.030766903748226,78.04629716958237,1.0,0.0,0.0,0.0,1.0,0.0,0.0,0.0,1.0,0.015
23.511,-18.634,78.12,1.0,0.0,0.0,0.0,1.0,0.0,0.0,0.0,1.0,0.015
23.960222931556288,-18.042917195320676,78.22639490484228,1.0,0.0,0.0,0.0,1.0,0.0,0.0,0.0,1.0,0.015
24.271,-17.634,78.3,1.0,0.0,0.0,0.0,1.0,0.0,0.0,0.0,1.0,0.015
24.694607374851675,-17.024288966740684,78.40634494766151,1.0,0.0,0.0,0.0,1.0,0.0,0.0,0.0,1.0,0.015
24.988,-16.602,78.48,1.0,0.0,0.0,0.0,1.0,0.0,0.0,0.0,1.0,0.015
25.38566907398687,-15.975065546062305,78.58636022781224,1.0,0.0,0.0,0.0,1.0,0.0,0.0,0.0,1.0,0.015
25.661,-15.541,78.66,1.0,0.0,0.0,0.0,1.0,0.0,0.0,0.0,1.0,0.015
26.032139148727822,-14.898007334688105,78.76637746301115,1.0,0.0,0.0,0.0,1.0,0.0,0.0,0.0,1.0,0.015
26.289,-14.453,78.84,1.0,0.0,0.0,0.0,1.0,0.0,0.0,0.0,1.0,0.015
26.63278392457331,-13.794966852277202,78.94632492512577,1.0,0.0,0.0,0.0,1.0,0.0,0.0,0.0,1.0,0.015
26.871,-13.339,79.02,1.0,0.0,0.0,0.0,1.0,0.0,0.0,0.0,1.0,0.015
27.187092487587375,-12.667229610491878,79.12634887432846,1.0,0.0,0.0,0.0,1.0,0.0,0.0,0.0,1.0,0.015
27.406,-12.202,79.2,1.0,0.0,0.0,0.0,1.0,0.0,0.0,0.0,1.0,0.015
27.693809689273156,-11.517639383617425,79.3063772978833,1.0,0.0,0.0,0.0,1.0,0.0,0.0,0.0,1.0,0.015
27.893,-11.044,79.38,1.0,0.0,0.0,0.0,1.0,0.0,0.0,0.0,1.0,0.015
28.15173939258208,-10.3481209943797,79.48633125722552,1.0,0.0,0.0,0.0,1.0,0.0,0.0,0.0,1.0,0.015
28.331,-9.866,79.56,1.0,0.0,0.0,0.0,1.0,0.0,0.0,0.0,1.0,0.015
28.56080663534938,-9.160038742307176,79.66633726057297,1.0,0.0,0.0,0.0,1.0,0.0,0.0,0.0,1.0,0.015
28.72,-8.671,79.74,1.0,0.0,0.0,0.0,1.0,0.0,0.0,0.0,1.0,0.015
28.919145737710867,-7.955789061271622,79.8463686432877,1.0,0.0,0.0,0.0,1.0,0.0,0.0,0.0,1.0,0.015
29.057,-7.4607,79.92,1.0,0.0,0.0,0.0,1.0,0.0,0.0,0.0,1.0,0.015
29.226575901926378,-6.737904875168853,80.0263542242047,1.0,0.0,0.0,0.0,1.0,0.0,0.0,0.0,1.0,0.015
29.344,-6.2374,80.1,1.0,0.0,0.0,0.0,1.0,0.0,0.0,0.0,1.0,0.015
29.483426603831553,-5.508187046147086,80.20634232495627,1.0,0.0,0.0,0.0,1.0,0.0,0.0,0.0,1.0,0.015
29.58,-5.0031,80.28,1.0,0.0,0.0,0.0,1.0,0.0,0.0,0.0,1.0,0.015
29.688128313968694,-4.268595589647628,80.38635571865773,1.0,0.0,0.0,0.0,1.0,0.0,0.0,0.0,1.0,0.015
29.763,-3.76,80.46,1.0,0.0,0.0,0.0,1.0,0.0,0.0,0.0,1.0,0.015
29.84098481682305,-3.021684654668458,80.56634293203143,1.0,0.0,0.0,0.0,1.0,0.0,0.0,0.0,1.0,0.015
29.895,-2.5103,80.64,1.0,0.0,0.0,0.0,1.0,0.0,0.0,0.0,1.0,0.015
29.941678772116266,-1.7693483514709247,80.74635669596111,1.0,0.0,0.0,0.0,1.0,0.0,0.0,0.0,1.0,0.015
29.974,-1.2563,80.82,1.0,0.0,0.0,0.0,1.0,0.0,0.0,0.0,1.0,0.015
29.98936163901184,-0.5140374195949041,80.92634980854349,1.0,0.0,0.0,0.0,1.0,0.0,0.0,0.0,1.0,0.015
30.0,-2.5799362646239388E-12,81.0,1.0,0.0,0.0,0.0,1.0,0.0,0.0,0.0,1.0,0.015
29.984638360988225,0.7422625804025783,81.10634980854307,1.0,0.0,0.0,0.0,1.0,0.0,0.0,0.0,1.0,0.015
29.974,1.2563,81.18,1.0,0.0,0.0,0.0,1.0,0.0,0.0,0.0,1.0,0.015
29.927321227883734,1.9972516485290752,81.28635669596112,1.0,0.0,0.0,0.0,1.0,0.0,0.0,0.0,1.0,0.015
29.895,2.5103,81.36,1.0,0.0,0.0,0.0,1.0,0.0,0.0,0.0,1.0,0.015
29.817015183176952,3.2486153453315416,81.46634293203144,1.0,0.0,0.0,0.0,1.0,0.0,0.0,0.0,1.0,0.015
29.763,3.76,81.54,1.0,0.0,0.0,0.0,1.0,0.0,0.0,0.0,1.0,0.015
29.654871686031306,4.494504410352372,81.64635571865773,1.0,0.0,0.0,0.0,1.0,0.0,0.0,0.0,1.0,0.015
29.58,5.0031,81.72,1.0,0.0,0.0,0.0,1.0,0.0,0.0,0.0,1.0,0.015
29.440573396168446,5.732312953852915,81.82634232495627,1.0,0.0,0.0,0.0,1.0,0.0,0.0,0.0,1.0,0.015
29.344,6.2374,81.9,1.0,0.0,0.0,0.0,1.0,0.0,0.0,0.0,1.0,0.015
29.174424098073622,6.960195124831147,82.0063542242047,1.0,0.0,0.0,0.0,1.0,0.0,0.0,0.0,1.0,0.015
29.057,7.4607,82.08,1.0,0.0,0.0,0.0,1.0,0.0,0.0,0.0,1.0,0.015
28.85785426228913,8.175910938728377,82.18636864328771,1.0,0.0,0.0,0.0,1.0,0.0,0.0,0.0,1.0,0.015
28.72,8.671,82.26,1.0,0.0,0.0,0.0,1.0,0.0,0.0,0.0,1.0,0.015
28.49019336465062,9.376961257692823,82.36633726057298,1.0,0.0,0.0,0.0,1.0,0.0,0.0,0.0,1.0,0.015
28.331,9.866,82.44,1.0,0.0,0.0,0.0,1.0,0.0,0.0,0.0,1.0,0.015
28.07226060741792,10.5618790056203,82.54633125722552,1.0,0.0,0.0,0.0,1.0,0.0,0.0,0.0,1.0,0.015
27.893,11.044,82.62,1.0,0.0,0.0,0.0,1.0,0.0,0.0,0.0,1.0,0.015
27.605190310726844,11.728360616382576,82.7263772978833,1.0,0.0,0.0,0.0,1.0,0.0,0.0,0.0,1.0,0.015
27.406,12.202,82.8,1.0,0.0,0.0,0.0,1.0,0.0,0.0,0.0,1.0,0.015
27.089907512412623,12.873770389508122,82.90634887432846,1.0,0.0,0.0,0.0,1.0,0.0,0.0,0.0,1.0,0.015
26.871,13.339,82.98,1.0,0.0,0.0,0.0,1.0,0.0,0.0,0.0,1.0,0.015
26.52721607542669,13.9970331477228,83.08632492512577,1.0,0.0,0.0,0.0,1.0,0.0,0.0,0.0,1.0,0.015
26.289,14.453,83.16,1.0,0.0,0.0,0.0,1.0,0.0,0.0,0.0,1.0,0.015
25.91786085127218,15.095992665311895,83.26637746301115,1.0,0.0,0.0,0.0,1.0,0.0,0.0,0.0,1.0,0.015
25.661,15.541,83.34,1.0,0.0,0.0,0.0,1.0,0.0,0.0,0.0,1.0,0.015
25.263330926013133,16.167934453937693,83.44636022781224,1.0,0.0,0.0,0.0,1.0,0.0,0.0,0.0,1.0,0.015
24.988,16.602,83.52,1.0,0.0,0.0,0.0,1.0,0.0,0.0,0.0,1.0,0.015
24.564392625148326,17.211711033259316,83.62634494766151,1.0,0.0,0.0,0.0,1.0,0.0,0.0,0.0,1.0,0.015
24.271,17.634,83.7,1.0,0.0,0.0,0.0,1.0,0.0,0.0,0.0,1.0,0.015
23.821777068443712,18.225082804679325,83.80639490484228,1.0,0.0,0.0,0.0,1.0,0.0,0.0,0.0,1.0,0.015
23.511,18.634,83.88,1.0,0.0,0.0,0.0,1.0,0.0,0.0,0.0,1.0,0.015
23.03797759535844,19.206233096251776,83.98629716958237,1.0,0.0,0.0,0.0,1.0,0.0,0.0,0.0,1.0,0.015
22.71,19.603,84.06,1.0,0.0,0.0,0.0,1.0,0.0,0.0,0.0,1.0,0.015
22.212925603630165,20.15445114365405,84.16638928816477,1.0,0.0,0.0,0.0,1.0,0.0,0.0,0.0,1.0,0.015
21.869,20.536,84.24,1.0,0.0,0.0,0.0,1.0,0.0,0.0,0.0,1.0,0.015
21.34967121524241,21.066554321629482,84.34634719141793,1.0,0.0,0.0,0.0,1.0,0.0,0.0,0.0,1.0,0.015
20.99,21.434,84.42,1.0,0.0,0.0,0.0,1.0,0.0,0.0,0.0,1.0,0.015
20.44874562635687,21.94216458660818,84.5263600297552,1.0,0.0,0.0,0.0,1.0,0.0,0.0,0.0,1.0,0.015
20.074,22.294,84.6,1.0,0.0,0.0,0.0,1.0,0.0,0.0,0.0,1.0,0.015
19.512027184197432,22.77915213646047,84.70636709447368,1.0,0.0,0.0,0.0,1.0,0.0,0.0,0.0,1.0,0.015
19.123,23.115,84.78,1.0,0.0,0.0,0.0,1.0,0.0,0.0,0.0,1.0,0.015
18.54125045624399,23.57626537428776,84.8863095612955,1.0,0.0,0.0,0.0,1.0,0.0,0.0,0.0,1.0,0.015
18.138,23.896,84.96,1.0,0.0,0.0,0.0,1.0,0.0,0.0,0.0,1.0,0.015
17.53711748660597,24.332038638038146,85.06635088732638,1.0,0.0,0.0,0.0,1.0,0.0,0.0,0.0,1.0,0.015
17.121,24.634,85.14,1.0,0.0,0.0,0.0,1.0,0.0,0.0,0.0,1.0,0.015
16.502906262087933,25.045274609547608,85.24636412315886,1.0,0.0,0.0,0.0,1.0,0.0,0.0,0.0,1.0,0.015
16.075,25.33,85.32,1.0,0.0,0.0,0.0,1.0,0.0,0.0,0.0,1.0,0.015
15.439946009807167,25.714576881502822,85.42633462161368,1.0,0.0,0.0,0.0,1.0,0.0,0.0,0.0,1.0,0.015
15.0,25.981,85.5,1.0,0.0,0.0,0.0,1.0,0.0,0.0,0.0,1.0,0.015
14.349344313686176,26.33853559511341,85.60637422664531,1.0,0.0,0.0,0.0,1.0,0.0,0.0,0.0,1.0,0.015
13.899,26.586,85.68,1.0,0.0,0.0,0.0,1.0,0.0,0.0,0.0,1.0,0.015
13.234009890354786,26.916132745374487,85.78630392516531,1.0,0.0,0.0,0.0,1.0,0.0,0.0,0.0,1.0,0.015
12.773,27.145,85.86,1.0,0.0,0.0,0.0,1.0,0.0,0.0,0.0,1.0,0.015
12.094737036796785,27.44690973362094,85.96634785137333,1.0,0.0,0.0,0.0,1.0,0.0,0.0,0.0,1.0,0.015
11.625,27.656,86.04,1.0,0.0,0.0,0.0,1.0,0.0,0.0,0.0,1.0,0.015
10.934629863225732,27.929074489032285,86.14639265806453,1.0,0.0,0.0,0.0,1.0,0.0,0.0,0.0,1.0,0.015
10.457,28.118,86.22,1.0,0.0,0.0,0.0,1.0,0.0,0.0,0.0,1.0,0.015
9.756023744416774,28.362588427991113,86.32634279477875,1.0,0.0,0.0,0.0,1.0,0.0,0.0,0.0,1.0,0.015
9.2705,28.532,86.4,1.0,0.0,0.0,0.0,1.0,0.0,0.0,0.0,1.0,0.015
8.559737514632339,28.746487307497265,86.50635734256063,1.0,0.0,0.0,0.0,1.0,0.0,0.0,0.0,1.0,0.015
8.0676,28.895,86.58,1.0,0.0,0.0,0.0,1.0,0.0,0.0,0.0,1.0,0.015
7.348433487579878,29.079356217135057,86.68635935603946,1.0,0.0,0.0,0.0,1.0,0.0,0.0,0.0,1.0,0.015
6.8505,29.207,86.76,1.0,0.0,0.0,0.0,1.0,0.0,0.0,0.0,1.0,0.015
6.124390317413286,29.361780519760572,86.86633776166757,1.0,0.0,0.0,0.0,1.0,0.0,0.0,0.0,1.0,0.015
5.6214,29.469,86.94,1.0,0.0,0.0,0.0,1.0,0.0,0.0,0.0,1.0,0.015
4.889324423333242,29.59249971387792,87.04636338994271,1.0,0.0,0.0,0.0,1.0,0.0,0.0,0.0,1.0,0.015
4.3825,29.678,87.12,1.0,0.0,0.0,0.0,1.0,0.0,0.0,0.0,1.0,0.015
3.645970748316217,29.771351212711405,87.22634948283577,1.0,0.0,0.0,0.0,1.0,0.0,0.0,0.0,1.0,0.015
3.1359,29.836,87.3,1.0,0.0,0.0,0.0,1.0,0.0,0.0,0.0,1.0,0.015
2.3960745583310965,29.89803615347008,87.406347691663,1.0,0.0,0.0,0.0,1.0,0.0,0.0,0.0,1.0,0.015
1.8837,29.941,87.48,1.0,0.0,0.0,0.0,1.0,0.0,0.0,0.0,1.0,0.015
1.1419152584666248,29.971724776817293,87.58635499667525,1.0,0.0,0.0,0.0,1.0,0.0,0.0,0.0,1.0,0.015
0.6282699999999999,29.993,87.66,1.0,0.0,0.0,0.0,1.0,0.0,0.0,0.0,1.0,0.015
-0.11415117856416135,29.993,87.76635221492475,1.0,0.0,0.0,0.0,1.0,0.0,0.0,0.0,1.0,0.015
-0.62827,29.993,87.84,1.0,0.0,0.0,0.0,1.0,0.0,0.0,0.0,1.0,0.015
-1.3700547415333753,29.962275223182704,87.94635499667525,1.0,0.0,0.0,0.0,1.0,0.0,0.0,0.0,1.0,0.015
-1.8837000000000002,29.941,88.02,1.0,0.0,0.0,0.0,1.0,0.0,0.0,0.0,1.0,0.015
-2.6235254416689036,29.878963846529917,88.126347691663,1.0,0.0,0.0,0.0,1.0,0.0,0.0,0.0,1.0,0.015
-3.1359,29.836,88.2,1.0,0.0,0.0,0.0,1.0,0.0,0.0,0.0,1.0,0.015
-3.872429251683783,29.742648787288594,88.30634948283577,1.0,0.0,0.0,0.0,1.0,0.0,0.0,0.0,1.0,0.015
-4.3825,29.678,88.38,1.0,0.0,0.0,0.0,1.0,0.0,0.0,0.0,1.0,0.015
-5.114575576666759,29.55450028612208,88.48636338994271,1.0,0.0,0.0,0.0,1.0,0.0,0.0,0.0,1.0,0.015
-5.6214,29.469,88.56,1.0,0.0,0.0,0.0,1.0,0.0,0.0,0.0,1.0,0.015
-6.347509682586715,29.31421948023943,88.66633776166756,1.0,0.0,0.0,0.0,1.0,0.0,0.0,0.0,1.0,0.015
-6.8505,29.207,88.74,1.0,0.0,0.0,0.0,1.0,0.0,0.0,0.0,1.0,0.015
-7.569666512420123,29.022643782864943,88.84635935603946,1.0,0.0,0.0,0.0,1.0,0.0,0.0,0.0,1.0,0.015
-8.0676,28.895,88.92,1.0,0.0,0.0,0.0,1.0,0.0,0.0,0.0,1.0,0.015
-8.778362485367662,28.680512692502734,89.02635734256063,1.0,0.0,0.0,0.0,1.0,0.0,0.0,0.0,1.0,0.015
-9.2705,28.532,89.1,1.0,0.0,0.0,0.0,1.0,0.0,0.0,0.0,1.0,0.015
-9.971476255583227,28.287411572008885,89.20634279477875,1.0,0.0,0.0,0.0,1.0,0.0,0.0,0.0,1.0,0.015
-10.457,28.118,89.28,1.0,0.0,0.0,0.0,1.0,0.0,0.0,0.0,1.0,0.015
-11.147370136774269,27.844925510967713,89.38639265806452,1.0,0.0,0.0,0.0,1.0,0.0,0.0,0.0,1.0,0.015
-11.625,27.656,89.46,1.0,0.0,0.0,0.0,1.0,0.0,0.0,0.0,1.0,0.015
-12.303262963203215,27.354090266379057,89.56634785137332,1.0,0.0,0.0,0.0,1.0,0.0,0.0,0.0,1.0,0.015
-12.773,27.145,89.64,1.0,0.0,0.0,0.0,1.0,0.0,0.0,0.0,1.0,0.015
-13.437990109645213,26.81486725462551,89.74630392516531,1.0,0.0,0.0,0.0,1.0,0.0,0.0,0.0,1.0,0.015
-13.899,26.586,89.82,1.0,0.0,0.0,0.0,1.0,0.0,0.0,0.0,1.0,0.015
-14.549655686313823,26.22846440488659,89.92637422664531,1.0,0.0,0.0,0.0,1.0,0.0,0.0,0.0,1.0,0.015
-15.0,25.981,90.0,1.0,0.0,0.0,0.0,1.0,0.0,0.0,0.0,1.0,0.015
